date,close,series
2015-10-21,17168.61,DJIA
2015-10-22,17489.16,DJIA
2015-10-23,17646.7,DJIA
2015-10-26,17623.05,DJIA
2015-10-27,17581.43,DJIA
2015-10-28,17779.52,DJIA
2015-10-29,17755.8,DJIA
2015-10-30,17663.54,DJIA
2015-11-02,17828.76,DJIA
2015-11-03,17918.15,DJIA
2015-11-04,17867.58,DJIA
2015-11-05,17863.43,DJIA
2015-11-06,17910.33,DJIA
2015-11-09,17730.48,DJIA
2015-11-10,17758.21,DJIA
2015-11-11,17702.22,DJIA
2015-11-12,17448.07,DJIA
2015-11-13,17245.24,DJIA
2015-11-16,17483.01,DJIA
2015-11-17,17489.5,DJIA
2015-11-18,17737.16,DJIA
2015-11-19,17732.75,DJIA
2015-11-20,17823.81,DJIA
2015-11-23,17792.68,DJIA
2015-11-24,17812.19,DJIA
2015-11-25,17813.39,DJIA
2015-11-26,,DJIA
2015-11-27,17798.49,DJIA
2015-11-30,17719.92,DJIA
2015-12-01,17888.35,DJIA
2015-12-02,17729.68,DJIA
2015-12-03,17477.67,DJIA
2015-12-04,17847.63,DJIA
2015-12-07,17730.51,DJIA
2015-12-08,17568.0,DJIA
2015-12-09,17492.3,DJIA
2015-12-10,17574.75,DJIA
2015-12-11,17265.21,DJIA
2015-12-14,17368.5,DJIA
2015-12-15,17524.91,DJIA
2015-12-16,17749.09,DJIA
2015-12-17,17495.84,DJIA
2015-12-18,17128.55,DJIA
2015-12-21,17251.62,DJIA
2015-12-22,17417.27,DJIA
2015-12-23,17602.61,DJIA
2015-12-24,17552.17,DJIA
2015-12-25,,DJIA
2015-12-28,17528.27,DJIA
2015-12-29,17720.98,DJIA
2015-12-30,17603.87,DJIA
2015-12-31,17425.03,DJIA
2016-01-01,,DJIA
2016-01-04,17148.94,DJIA
2016-01-05,17158.66,DJIA
2016-01-06,16906.51,DJIA
2016-01-07,16514.1,DJIA
2016-01-08,16346.45,DJIA
2016-01-11,16398.57,DJIA
2016-01-12,16516.22,DJIA
2016-01-13,16151.41,DJIA
2016-01-14,16379.05,DJIA
2016-01-15,15988.08,DJIA
2016-01-18,,DJIA
2016-01-19,16016.02,DJIA
2016-01-20,15766.74,DJIA
2016-01-21,15882.68,DJIA
2016-01-22,16093.51,DJIA
2016-01-25,15885.22,DJIA
2016-01-26,16167.23,DJIA
2016-01-27,15944.46,DJIA
2016-01-28,16069.64,DJIA
2016-01-29,16466.3,DJIA
2016-02-01,16449.18,DJIA
2016-02-02,16153.54,DJIA
2016-02-03,16336.66,DJIA
2016-02-04,16416.58,DJIA
2016-02-05,16204.97,DJIA
2016-02-08,16027.05,DJIA
2016-02-09,16014.38,DJIA
2016-02-10,15914.74,DJIA
2016-02-11,15660.18,DJIA
2016-02-12,15973.84,DJIA
2016-02-15,,DJIA
2016-02-16,16196.41,DJIA
2016-02-17,16453.83,DJIA
2016-02-18,16413.43,DJIA
2016-02-19,16391.99,DJIA
2016-02-22,16620.66,DJIA
2016-02-23,16431.78,DJIA
2016-02-24,16484.99,DJIA
2016-02-25,16697.29,DJIA
2016-02-26,16639.97,DJIA
2016-02-29,16516.5,DJIA
2016-03-01,16865.08,DJIA
2016-03-02,16899.32,DJIA
2016-03-03,16943.9,DJIA
2016-03-04,17006.77,DJIA
2016-03-07,17073.95,DJIA
2016-03-08,16964.1,DJIA
2016-03-09,17000.36,DJIA
2016-03-10,16995.13,DJIA
2016-03-11,17213.31,DJIA
2016-03-14,17229.13,DJIA
2016-03-15,17251.53,DJIA
2016-03-16,17325.76,DJIA
2016-03-17,17481.49,DJIA
2016-03-18,17602.3,DJIA
2016-03-21,17623.87,DJIA
2016-03-22,17582.57,DJIA
2016-03-23,17502.59,DJIA
2016-03-24,17515.73,DJIA
2016-03-25,,DJIA
2016-03-28,17535.39,DJIA
2016-03-29,17633.11,DJIA
2016-03-30,17716.66,DJIA
2016-03-31,17685.09,DJIA
2016-04-01,17792.75,DJIA
2016-04-04,17737.0,DJIA
2016-04-05,17603.32,DJIA
2016-04-06,17716.05,DJIA
2016-04-07,17541.96,DJIA
2016-04-08,17576.96,DJIA
2016-04-11,17556.41,DJIA
2016-04-12,17721.25,DJIA
2016-04-13,17908.28,DJIA
2016-04-14,17926.43,DJIA
2016-04-15,17897.46,DJIA
2016-04-18,18004.16,DJIA
2016-04-19,18053.6,DJIA
2016-04-20,18096.27,DJIA
2016-04-21,17982.52,DJIA
2016-04-22,18003.75,DJIA
2016-04-25,17977.24,DJIA
2016-04-26,17990.32,DJIA
2016-04-27,18041.55,DJIA
2016-04-28,17830.76,DJIA
2016-04-29,17773.64,DJIA
2016-05-02,17891.16,DJIA
2016-05-03,17750.91,DJIA
2016-05-04,17651.26,DJIA
2016-05-05,17660.71,DJIA
2016-05-06,17740.63,DJIA
2016-05-09,17705.91,DJIA
2016-05-10,17928.35,DJIA
2016-05-11,17711.12,DJIA
2016-05-12,17720.5,DJIA
2016-05-13,17535.32,DJIA
2016-05-16,17710.71,DJIA
2016-05-17,17529.98,DJIA
2016-05-18,17526.62,DJIA
2016-05-19,17435.4,DJIA
2016-05-20,17500.94,DJIA
2016-05-23,17492.93,DJIA
2016-05-24,17706.05,DJIA
2016-05-25,17851.51,DJIA
2016-05-26,17828.29,DJIA
2016-05-27,17873.22,DJIA
2016-05-30,,DJIA
2016-05-31,17787.2,DJIA
2016-06-01,17789.67,DJIA
2016-06-02,17838.56,DJIA
2016-06-03,17807.06,DJIA
2016-06-06,17920.33,DJIA
2016-06-07,17938.28,DJIA
2016-06-08,18005.05,DJIA
2016-06-09,17985.19,DJIA
2016-06-10,17865.34,DJIA
2016-06-13,17732.48,DJIA
2016-06-14,17674.82,DJIA
2016-06-15,17640.17,DJIA
2016-06-16,17733.1,DJIA
2016-06-17,17675.16,DJIA
2016-06-20,17804.87,DJIA
2016-06-21,17829.73,DJIA
2016-06-22,17780.83,DJIA
2016-06-23,18011.07,DJIA
2016-06-24,17400.75,DJIA
2016-06-27,17140.24,DJIA
2016-06-28,17409.72,DJIA
2016-06-29,17694.68,DJIA
2016-06-30,17929.99,DJIA
2016-07-01,17949.37,DJIA
2016-07-04,,DJIA
2016-07-05,17840.62,DJIA
2016-07-06,17918.62,DJIA
2016-07-07,17895.88,DJIA
2016-07-08,18146.74,DJIA
2016-07-11,18226.93,DJIA
2016-07-12,18347.67,DJIA
2016-07-13,18372.12,DJIA
2016-07-14,18506.41,DJIA
2016-07-15,18516.55,DJIA
2016-07-18,18533.05,DJIA
2016-07-19,18559.01,DJIA
2016-07-20,18595.03,DJIA
2016-07-21,18517.23,DJIA
2016-07-22,18570.85,DJIA
2016-07-25,18493.06,DJIA
2016-07-26,18473.75,DJIA
2016-07-27,18472.17,DJIA
2016-07-28,18456.35,DJIA
2016-07-29,18432.24,DJIA
2016-08-01,18404.51,DJIA
2016-08-02,18313.77,DJIA
2016-08-03,18355.0,DJIA
2016-08-04,18352.05,DJIA
2016-08-05,18543.53,DJIA
2016-08-08,18529.29,DJIA
2016-08-09,18533.05,DJIA
2016-08-10,18495.66,DJIA
2016-08-11,18613.52,DJIA
2016-08-12,18576.47,DJIA
2016-08-15,18636.05,DJIA
2016-08-16,18552.02,DJIA
2016-08-17,18573.94,DJIA
2016-08-18,18597.7,DJIA
2016-08-19,18552.57,DJIA
2016-08-22,18529.42,DJIA
2016-08-23,18547.3,DJIA
2016-08-24,18481.48,DJIA
2016-08-25,18448.41,DJIA
2016-08-26,18395.4,DJIA
2016-08-29,18502.99,DJIA
2016-08-30,18454.3,DJIA
2016-08-31,18400.88,DJIA
2016-09-01,18419.3,DJIA
2016-09-02,18491.96,DJIA
2016-09-05,,DJIA
2016-09-06,18538.12,DJIA
2016-09-07,18526.14,DJIA
2016-09-08,18479.91,DJIA
2016-09-09,18085.45,DJIA
2016-09-12,18325.07,DJIA
2016-09-13,18066.75,DJIA
2016-09-14,18034.77,DJIA
2016-09-15,18212.48,DJIA
2016-09-16,18123.8,DJIA
2016-09-19,18120.17,DJIA
2016-09-20,18129.96,DJIA
2016-09-21,18293.7,DJIA
2016-09-22,18392.46,DJIA
2016-09-23,18261.45,DJIA
2016-09-26,18094.83,DJIA
2016-09-27,18228.3,DJIA
2016-09-28,18339.24,DJIA
2016-09-29,18143.45,DJIA
2016-09-30,18308.15,DJIA
2016-10-03,18253.85,DJIA
2016-10-04,18168.45,DJIA
2016-10-05,18281.03,DJIA
2016-10-06,18268.5,DJIA
2016-10-07,18240.49,DJIA
2016-10-10,18329.04,DJIA
2016-10-11,18128.66,DJIA
2016-10-12,18144.2,DJIA
2016-10-13,18098.94,DJIA
2016-10-14,18138.38,DJIA
2016-10-17,18086.4,DJIA
2016-10-18,18161.94,DJIA
2016-10-19,18202.62,DJIA
2016-10-20,18162.35,DJIA
2016-10-21,18145.71,DJIA
2016-10-24,18223.03,DJIA
2016-10-25,18169.27,DJIA
2016-10-26,18199.33,DJIA
2016-10-27,18169.68,DJIA
2016-10-28,18161.19,DJIA
2016-10-31,18142.42,DJIA
2016-11-01,18037.1,DJIA
2016-11-02,17959.64,DJIA
2016-11-03,17930.67,DJIA
2016-11-04,17888.28,DJIA
2016-11-07,18259.6,DJIA
2016-11-08,18332.74,DJIA
2016-11-09,18589.69,DJIA
2016-11-10,18807.88,DJIA
2016-11-11,18847.66,DJIA
2016-11-14,18868.69,DJIA
2016-11-15,18923.06,DJIA
2016-11-16,18868.14,DJIA
2016-11-17,18903.82,DJIA
2016-11-18,18867.93,DJIA
2016-11-21,18956.69,DJIA
2016-11-22,19023.87,DJIA
2016-11-23,19083.18,DJIA
2016-11-24,,DJIA
2016-11-25,19152.14,DJIA
2016-11-28,19097.9,DJIA
2016-11-29,19121.6,DJIA
2016-11-30,19123.58,DJIA
2016-12-01,19191.93,DJIA
2016-12-02,19170.42,DJIA
2016-12-05,19216.24,DJIA
2016-12-06,19251.78,DJIA
2016-12-07,19549.62,DJIA
2016-12-08,19614.81,DJIA
2016-12-09,19756.85,DJIA
2016-12-12,19796.43,DJIA
2016-12-13,19911.21,DJIA
2016-12-14,19792.53,DJIA
2016-12-15,19852.24,DJIA
2016-12-16,19843.41,DJIA
2016-12-19,19883.06,DJIA
2016-12-20,19974.62,DJIA
2016-12-21,19941.96,DJIA
2016-12-22,19918.88,DJIA
2016-12-23,19933.81,DJIA
2016-12-26,,DJIA
2016-12-27,19945.04,DJIA
2016-12-28,19833.68,DJIA
2016-12-29,19819.78,DJIA
2016-12-30,19762.6,DJIA
2017-01-02,,DJIA
2017-01-03,19881.76,DJIA
2017-01-04,19942.16,DJIA
2017-01-05,19899.29,DJIA
2017-01-06,19963.8,DJIA
2017-01-09,19887.38,DJIA
2017-01-10,19855.53,DJIA
2017-01-11,19954.28,DJIA
2017-01-12,19891.0,DJIA
2017-01-13,19885.73,DJIA
2017-01-16,,DJIA
2017-01-17,19826.77,DJIA
2017-01-18,19804.72,DJIA
2017-01-19,19732.4,DJIA
2017-01-20,19827.25,DJIA
2017-01-23,19799.85,DJIA
2017-01-24,19912.71,DJIA
2017-01-25,20068.51,DJIA
2017-01-26,20100.91,DJIA
2017-01-27,20093.78,DJIA
2017-01-30,19971.13,DJIA
2017-01-31,19864.09,DJIA
2017-02-01,19890.94,DJIA
2017-02-02,19884.91,DJIA
2017-02-03,20071.46,DJIA
2017-02-06,20052.42,DJIA
2017-02-07,20090.29,DJIA
2017-02-08,20054.34,DJIA
2017-02-09,20172.4,DJIA
2017-02-10,20269.37,DJIA
2017-02-13,20412.16,DJIA
2017-02-14,20504.41,DJIA
2017-02-15,20611.86,DJIA
2017-02-16,20619.77,DJIA
2017-02-17,20624.05,DJIA
2017-02-20,,DJIA
2017-02-21,20743.0,DJIA
2017-02-22,20775.6,DJIA
2017-02-23,20810.32,DJIA
2017-02-24,20821.76,DJIA
2017-02-27,20837.44,DJIA
2017-02-28,20812.24,DJIA
2017-03-01,21115.55,DJIA
2017-03-02,21002.97,DJIA
2017-03-03,21005.71,DJIA
2017-03-06,20954.34,DJIA
2017-03-07,20924.76,DJIA
2017-03-08,20855.73,DJIA
2017-03-09,20858.19,DJIA
2017-03-10,20902.98,DJIA
2017-03-13,20881.48,DJIA
2017-03-14,20837.37,DJIA
2017-03-15,20950.1,DJIA
2017-03-16,20934.55,DJIA
2017-03-17,20914.62,DJIA
2017-03-20,20905.86,DJIA
2017-03-21,20668.01,DJIA
2017-03-22,20661.3,DJIA
2017-03-23,20656.58,DJIA
2017-03-24,20596.72,DJIA
2017-03-27,20550.98,DJIA
2017-03-28,20701.5,DJIA
2017-03-29,20659.32,DJIA
2017-03-30,20728.49,DJIA
2017-03-31,20663.22,DJIA
2017-04-03,20650.21,DJIA
2017-04-04,20689.24,DJIA
2017-04-05,20648.15,DJIA
2017-04-06,20662.95,DJIA
2017-04-07,20656.1,DJIA
2017-04-10,20658.02,DJIA
2017-04-11,20651.3,DJIA
2017-04-12,20591.86,DJIA
2017-04-13,20453.25,DJIA
2017-04-14,,DJIA
2017-04-17,20636.92,DJIA
2017-04-18,20523.28,DJIA
2017-04-19,20404.49,DJIA
2017-04-20,20578.71,DJIA
2017-04-21,20547.76,DJIA
2017-04-24,20763.89,DJIA
2017-04-25,20996.12,DJIA
2017-04-26,20975.09,DJIA
2017-04-27,20981.33,DJIA
2017-04-28,20940.51,DJIA
2017-05-01,20913.46,DJIA
2017-05-02,20949.89,DJIA
2017-05-03,20957.9,DJIA
2017-05-04,20951.47,DJIA
2017-05-05,21006.94,DJIA
2017-05-08,21012.28,DJIA
2017-05-09,20975.78,DJIA
2017-05-10,20943.11,DJIA
2017-05-11,20919.42,DJIA
2017-05-12,20896.61,DJIA
2017-05-15,20981.94,DJIA
2017-05-16,20979.75,DJIA
2017-05-17,20606.93,DJIA
2017-05-18,20663.02,DJIA
2017-05-19,20804.84,DJIA
2017-05-22,20894.83,DJIA
2017-05-23,20937.91,DJIA
2017-05-24,21012.42,DJIA
2017-05-25,21082.95,DJIA
2017-05-26,21080.28,DJIA
2017-05-29,,DJIA
2017-05-30,21029.47,DJIA
2017-05-31,21008.65,DJIA
2017-06-01,21144.18,DJIA
2017-06-02,21206.29,DJIA
2017-06-05,21184.04,DJIA
2017-06-06,21136.23,DJIA
2017-06-07,21173.69,DJIA
2017-06-08,21182.53,DJIA
2017-06-09,21271.97,DJIA
2017-06-12,21235.67,DJIA
2017-06-13,21328.47,DJIA
2017-06-14,21374.56,DJIA
2017-06-15,21359.9,DJIA
2017-06-16,21384.28,DJIA
2017-06-19,21528.99,DJIA
2017-06-20,21467.14,DJIA
2017-06-21,21410.03,DJIA
2017-06-22,21397.29,DJIA
2017-06-23,21394.76,DJIA
2017-06-26,21409.55,DJIA
2017-06-27,21310.66,DJIA
2017-06-28,21454.61,DJIA
2017-06-29,21287.03,DJIA
2017-06-30,21349.63,DJIA
2017-07-03,21479.27,DJIA
2017-07-04,,DJIA
2017-07-05,21478.17,DJIA
2017-07-06,21320.04,DJIA
2017-07-07,21414.34,DJIA
2017-07-10,21408.52,DJIA
2017-07-11,21409.07,DJIA
2017-07-12,21532.14,DJIA
2017-07-13,21553.09,DJIA
2017-07-14,21637.74,DJIA
2017-07-17,21629.72,DJIA
2017-07-18,21574.73,DJIA
2017-07-19,21640.75,DJIA
2017-07-20,21611.78,DJIA
2017-07-21,21580.07,DJIA
2017-07-24,21513.17,DJIA
2017-07-25,21613.43,DJIA
2017-07-26,21711.01,DJIA
2017-07-27,21796.55,DJIA
2017-07-28,21830.31,DJIA
2017-07-31,21891.12,DJIA
2017-08-01,21963.92,DJIA
2017-08-02,22016.24,DJIA
2017-08-03,22026.1,DJIA
2017-08-04,22092.81,DJIA
2017-08-07,22118.42,DJIA
2017-08-08,22085.34,DJIA
2017-08-09,22048.7,DJIA
2017-08-10,21844.01,DJIA
2017-08-11,21858.32,DJIA
2017-08-14,21993.71,DJIA
2017-08-15,21998.99,DJIA
2017-08-16,22024.87,DJIA
2017-08-17,21750.73,DJIA
2017-08-18,21674.51,DJIA
2017-08-21,21703.75,DJIA
2017-08-22,21899.89,DJIA
2017-08-23,21812.09,DJIA
2017-08-24,21783.4,DJIA
2017-08-25,21813.67,DJIA
2017-08-28,21808.4,DJIA
2017-08-29,21865.37,DJIA
2017-08-30,21892.43,DJIA
2017-08-31,21948.1,DJIA
2017-09-01,21987.56,DJIA
2017-09-04,,DJIA
2017-09-05,21753.31,DJIA
2017-09-06,21807.64,DJIA
2017-09-07,21784.78,DJIA
2017-09-08,21797.79,DJIA
2017-09-11,22057.37,DJIA
2017-09-12,22118.86,DJIA
2017-09-13,22158.18,DJIA
2017-09-14,22203.48,DJIA
2017-09-15,22268.34,DJIA
2017-09-18,22331.35,DJIA
2017-09-19,22370.8,DJIA
2017-09-20,22412.59,DJIA
2017-09-21,22359.23,DJIA
2017-09-22,22349.59,DJIA
2017-09-25,22296.09,DJIA
2017-09-26,22284.32,DJIA
2017-09-27,22340.71,DJIA
2017-09-28,22381.2,DJIA
2017-09-29,22405.09,DJIA
2017-10-02,22557.6,DJIA
2017-10-03,22641.67,DJIA
2017-10-04,22661.64,DJIA
2017-10-05,22775.39,DJIA
2017-10-06,22773.67,DJIA
2017-10-09,22761.07,DJIA
2017-10-10,22830.68,DJIA
2017-10-11,22872.89,DJIA
2017-10-12,22841.01,DJIA
2017-10-13,22871.72,DJIA
2017-10-16,22956.96,DJIA
2017-10-17,22997.44,DJIA
2017-10-18,23157.6,DJIA
2017-10-19,23163.04,DJIA
2017-10-20,23328.63,DJIA
2017-10-23,23273.96,DJIA
2017-10-24,23441.76,DJIA
2017-10-25,23329.46,DJIA
2017-10-26,23400.86,DJIA
2017-10-27,23434.19,DJIA
2017-10-30,23348.74,DJIA
2017-10-31,23377.24,DJIA
2017-11-01,23435.01,DJIA
2017-11-02,23516.26,DJIA
2017-11-03,23539.19,DJIA
2017-11-06,23548.42,DJIA
2017-11-07,23557.23,DJIA
2017-11-08,23563.36,DJIA
2017-11-09,23461.94,DJIA
2017-11-10,23422.21,DJIA
2017-11-13,23439.7,DJIA
2017-11-14,23409.47,DJIA
2017-11-15,23271.28,DJIA
2017-11-16,23458.36,DJIA
2017-11-17,23358.24,DJIA
2017-11-20,23430.33,DJIA
2017-11-21,23590.83,DJIA
2017-11-22,23526.18,DJIA
2017-11-23,,DJIA
2017-11-24,23557.99,DJIA
2017-11-27,23580.78,DJIA
2017-11-28,23836.71,DJIA
2017-11-29,23940.68,DJIA
2017-11-30,24272.35,DJIA
2017-12-01,24231.59,DJIA
2017-12-04,24290.05,DJIA
2017-12-05,24180.64,DJIA
2017-12-06,24140.91,DJIA
2017-12-07,24211.48,DJIA
2017-12-08,24329.16,DJIA
2017-12-11,24386.03,DJIA
2017-12-12,24504.8,DJIA
2017-12-13,24585.43,DJIA
2017-12-14,24508.66,DJIA
2017-12-15,24651.74,DJIA
2017-12-18,24792.2,DJIA
2017-12-19,24754.75,DJIA
2017-12-20,24726.65,DJIA
2017-12-21,24782.29,DJIA
2017-12-22,24754.06,DJIA
2017-12-25,,DJIA
2017-12-26,24746.21,DJIA
2017-12-27,24774.3,DJIA
2017-12-28,24837.51,DJIA
2017-12-29,24719.22,DJIA
2018-01-01,,DJIA
2018-01-02,24824.01,DJIA
2018-01-03,24922.68,DJIA
2018-01-04,25075.13,DJIA
2018-01-05,25295.87,DJIA
2018-01-08,25283.0,DJIA
2018-01-09,25385.8,DJIA
2018-01-10,25369.13,DJIA
2018-01-11,25574.73,DJIA
2018-01-12,25803.19,DJIA
2018-01-15,,DJIA
2018-01-16,25792.86,DJIA
2018-01-17,26115.65,DJIA
2018-01-18,26017.81,DJIA
2018-01-19,26071.72,DJIA
2018-01-22,26214.6,DJIA
2018-01-23,26210.81,DJIA
2018-01-24,26252.12,DJIA
2018-01-25,26392.79,DJIA
2018-01-26,26616.71,DJIA
2018-01-29,26439.48,DJIA
2018-01-30,26076.89,DJIA
2018-01-31,26149.39,DJIA
2018-02-01,26186.71,DJIA
2018-02-02,25520.96,DJIA
2018-02-05,24345.75,DJIA
2018-02-06,24912.77,DJIA
2018-02-07,24893.35,DJIA
2018-02-08,23860.46,DJIA
2018-02-09,24190.9,DJIA
2018-02-12,24601.27,DJIA
2018-02-13,24640.45,DJIA
2018-02-14,24893.49,DJIA
2018-02-15,25200.37,DJIA
2018-02-16,25219.38,DJIA
2018-02-19,,DJIA
2018-02-20,24964.75,DJIA
2018-02-21,24797.78,DJIA
2018-02-22,24962.48,DJIA
2018-02-23,25309.99,DJIA
2018-02-26,25709.27,DJIA
2018-02-27,25410.03,DJIA
2018-02-28,25029.2,DJIA
2018-03-01,24608.98,DJIA
2018-03-02,24538.06,DJIA
2018-03-05,24874.76,DJIA
2018-03-06,24884.12,DJIA
2018-03-07,24801.36,DJIA
2018-03-08,24895.21,DJIA
2018-03-09,25335.74,DJIA
2018-03-12,25178.61,DJIA
2018-03-13,25007.03,DJIA
2018-03-14,24758.12,DJIA
2018-03-15,24873.66,DJIA
2018-03-16,24946.51,DJIA
2018-03-19,24610.91,DJIA
2018-03-20,24727.27,DJIA
2018-03-21,24682.31,DJIA
2018-03-22,23957.89,DJIA
2018-03-23,23533.2,DJIA
2018-03-26,24202.6,DJIA
2018-03-27,23857.71,DJIA
2018-03-28,23848.42,DJIA
2018-03-29,24103.11,DJIA
2018-03-30,,DJIA
2018-04-02,23644.19,DJIA
2018-04-03,24033.36,DJIA
2018-04-04,24264.3,DJIA
2018-04-05,24505.22,DJIA
2018-04-06,23932.76,DJIA
2018-04-09,23979.1,DJIA
2018-04-10,24408.0,DJIA
2018-04-11,24189.45,DJIA
2018-04-12,24483.05,DJIA
2018-04-13,24360.14,DJIA
2018-04-16,24573.04,DJIA
2018-04-17,24786.63,DJIA
2018-04-18,24748.07,DJIA
2018-04-19,24664.89,DJIA
2018-04-20,24462.94,DJIA
2018-04-23,24448.69,DJIA
2018-04-24,24024.13,DJIA
2018-04-25,24083.83,DJIA
2018-04-26,24322.34,DJIA
2018-04-27,24311.19,DJIA
2018-04-30,24163.15,DJIA
2018-05-01,24099.05,DJIA
2018-05-02,23924.98,DJIA
2018-05-03,23930.15,DJIA
2018-05-04,24262.51,DJIA
2018-05-07,24357.32,DJIA
2018-05-08,24360.21,DJIA
2018-05-09,24542.54,DJIA
2018-05-10,24739.53,DJIA
2018-05-11,24831.17,DJIA
2018-05-14,24899.41,DJIA
2018-05-15,24706.41,DJIA
2018-05-16,24768.93,DJIA
2018-05-17,24713.98,DJIA
2018-05-18,24715.09,DJIA
2018-05-21,25013.29,DJIA
2018-05-22,24834.41,DJIA
2018-05-23,24886.81,DJIA
2018-05-24,24811.76,DJIA
2018-05-25,24753.09,DJIA
2018-05-28,,DJIA
2018-05-29,24361.45,DJIA
2018-05-30,24667.78,DJIA
2018-05-31,24415.84,DJIA
2018-06-01,24635.21,DJIA
2018-06-04,24813.69,DJIA
2018-06-05,24799.98,DJIA
2018-06-06,25146.39,DJIA
2018-06-07,25241.41,DJIA
2018-06-08,25316.53,DJIA
2018-06-11,25322.31,DJIA
2018-06-12,25320.73,DJIA
2018-06-13,25201.2,DJIA
2018-06-14,25175.31,DJIA
2018-06-15,25090.48,DJIA
2018-06-18,24987.47,DJIA
2018-06-19,24700.21,DJIA
2018-06-20,24657.8,DJIA
2018-06-21,24461.7,DJIA
2018-06-22,24580.89,DJIA
2018-06-25,24252.8,DJIA
2018-06-26,24283.11,DJIA
2018-06-27,24117.59,DJIA
2018-06-28,24216.05,DJIA
2018-06-29,24271.41,DJIA
2018-07-02,24307.18,DJIA
2018-07-03,24174.82,DJIA
2018-07-04,,DJIA
2018-07-05,24356.74,DJIA
2018-07-06,24456.48,DJIA
2018-07-09,24776.59,DJIA
2018-07-10,24919.66,DJIA
2018-07-11,24700.45,DJIA
2018-07-12,24924.89,DJIA
2018-07-13,25019.41,DJIA
2018-07-16,25064.36,DJIA
2018-07-17,25119.89,DJIA
2018-07-18,25199.29,DJIA
2018-07-19,25064.5,DJIA
2018-07-20,25058.12,DJIA
2018-07-23,25044.29,DJIA
2018-07-24,25241.94,DJIA
2018-07-25,25414.1,DJIA
2018-07-26,25527.07,DJIA
2018-07-27,25451.06,DJIA
2018-07-30,25306.83,DJIA
2018-07-31,25415.19,DJIA
2018-08-01,25333.82,DJIA
2018-08-02,25326.16,DJIA
2018-08-03,25462.58,DJIA
2018-08-06,25502.18,DJIA
2018-08-07,25628.91,DJIA
2018-08-08,25583.75,DJIA
2018-08-09,25509.23,DJIA
2018-08-10,25313.14,DJIA
2018-08-13,25187.7,DJIA
2018-08-14,25299.92,DJIA
2018-08-15,25162.41,DJIA
2018-08-16,25558.73,DJIA
2018-08-17,25669.32,DJIA
2018-08-20,25758.69,DJIA
2018-08-21,25822.29,DJIA
2018-08-22,25733.6,DJIA
2018-08-23,25656.98,DJIA
2018-08-24,25790.35,DJIA
2018-08-27,26049.64,DJIA
2018-08-28,26064.02,DJIA
2018-08-29,26124.57,DJIA
2018-08-30,25986.92,DJIA
2018-08-31,25964.82,DJIA
2018-09-03,,DJIA
2018-09-04,25952.48,DJIA
2018-09-05,25974.99,DJIA
2018-09-06,25995.87,DJIA
2018-09-07,25916.54,DJIA
2018-09-10,25857.07,DJIA
2018-09-11,25971.06,DJIA
2018-09-12,25998.92,DJIA
2018-09-13,26145.99,DJIA
2018-09-14,26154.67,DJIA
2018-09-17,26062.12,DJIA
2018-09-18,26246.96,DJIA
2018-09-19,26405.76,DJIA
2018-09-20,26656.98,DJIA
2018-09-21,26743.5,DJIA
2018-09-24,26562.05,DJIA
2018-09-25,26492.21,DJIA
2018-09-26,26385.28,DJIA
2018-09-27,26439.93,DJIA
2018-09-28,26458.31,DJIA
2018-10-01,26651.21,DJIA
2018-10-02,26773.94,DJIA
2018-10-03,26828.39,DJIA
2018-10-04,26627.48,DJIA
2018-10-05,26447.05,DJIA
2018-10-08,26486.78,DJIA
2018-10-09,26430.57,DJIA
2018-10-10,25598.74,DJIA
2018-10-11,25052.83,DJIA
2018-10-12,25339.99,DJIA
2018-10-15,25250.55,DJIA
2018-10-16,25798.42,DJIA
2018-10-17,25706.68,DJIA
2018-10-18,25379.45,DJIA
2018-10-19,25444.34,DJIA
2018-10-22,25317.41,DJIA
2018-10-23,25191.43,DJIA
2018-10-24,24583.42,DJIA
2018-10-25,24984.55,DJIA
2018-10-26,24688.31,DJIA
2018-10-29,24442.92,DJIA
2018-10-30,24874.64,DJIA
2018-10-31,25115.76,DJIA
2018-11-01,25380.74,DJIA
2018-11-02,25270.83,DJIA
2018-11-05,25461.7,DJIA
2018-11-06,25635.01,DJIA
2018-11-07,26180.3,DJIA
2018-11-08,26191.22,DJIA
2018-11-09,25989.3,DJIA
2018-11-12,25387.18,DJIA
2018-11-13,25286.49,DJIA
2018-11-14,25080.5,DJIA
2018-11-15,25289.27,DJIA
2018-11-16,25413.22,DJIA
2018-11-19,25017.44,DJIA
2018-11-20,24465.64,DJIA
2018-11-21,24464.69,DJIA
2018-11-22,,DJIA
2018-11-23,24285.95,DJIA
2018-11-26,24640.24,DJIA
2018-11-27,24748.73,DJIA
2018-11-28,25366.43,DJIA
2018-11-29,25338.84,DJIA
2018-11-30,25538.46,DJIA
2018-12-03,25826.43,DJIA
2018-12-04,25027.07,DJIA
2018-12-05,,DJIA
2018-12-06,24947.67,DJIA
2018-12-07,24388.95,DJIA
2018-12-10,24423.26,DJIA
2018-12-11,24370.24,DJIA
2018-12-12,24527.27,DJIA
2018-12-13,24597.38,DJIA
2018-12-14,24100.51,DJIA
2018-12-17,23592.98,DJIA
2018-12-18,23675.64,DJIA
2018-12-19,23323.66,DJIA
2018-12-20,22859.6,DJIA
2018-12-21,22445.37,DJIA
2018-12-24,21792.2,DJIA
2018-12-25,,DJIA
2018-12-26,22878.45,DJIA
2018-12-27,23138.82,DJIA
2018-12-28,23062.4,DJIA
2018-12-31,23327.46,DJIA
2019-01-01,,DJIA
2019-01-02,23346.24,DJIA
2019-01-03,22686.22,DJIA
2019-01-04,23433.16,DJIA
2019-01-07,23531.35,DJIA
2019-01-08,23787.45,DJIA
2019-01-09,23879.12,DJIA
2019-01-10,24001.92,DJIA
2019-01-11,23995.95,DJIA
2019-01-14,23909.84,DJIA
2019-01-15,24065.59,DJIA
2019-01-16,24207.16,DJIA
2019-01-17,24370.1,DJIA
2019-01-18,24706.35,DJIA
2019-01-21,,DJIA
2019-01-22,24404.48,DJIA
2019-01-23,24575.62,DJIA
2019-01-24,24553.24,DJIA
2019-01-25,24737.2,DJIA
2019-01-28,24528.22,DJIA
2019-01-29,24579.96,DJIA
2019-01-30,25014.86,DJIA
2019-01-31,24999.67,DJIA
2019-02-01,25063.89,DJIA
2019-02-04,25239.37,DJIA
2019-02-05,25411.52,DJIA
2019-02-06,25390.3,DJIA
2019-02-07,25169.53,DJIA
2019-02-08,25106.33,DJIA
2019-02-11,25053.11,DJIA
2019-02-12,25425.76,DJIA
2019-02-13,25543.27,DJIA
2019-02-14,25439.39,DJIA
2019-02-15,25883.25,DJIA
2019-02-18,,DJIA
2019-02-19,25891.32,DJIA
2019-02-20,25954.44,DJIA
2019-02-21,25850.63,DJIA
2019-02-22,26031.81,DJIA
2019-02-25,26091.95,DJIA
2019-02-26,26057.98,DJIA
2019-02-27,25985.16,DJIA
2019-02-28,25916.0,DJIA
2019-03-01,26026.32,DJIA
2019-03-04,25819.65,DJIA
2019-03-05,25806.63,DJIA
2019-03-06,25673.46,DJIA
2019-03-07,25473.23,DJIA
2019-03-08,25450.24,DJIA
2019-03-11,25650.88,DJIA
2019-03-12,25554.66,DJIA
2019-03-13,25702.89,DJIA
2019-03-14,25709.94,DJIA
2019-03-15,25848.87,DJIA
2019-03-18,25914.1,DJIA
2019-03-19,25887.38,DJIA
2019-03-20,25745.67,DJIA
2019-03-21,25962.51,DJIA
2019-03-22,25502.32,DJIA
2019-03-25,25516.83,DJIA
2019-03-26,25657.73,DJIA
2019-03-27,25625.59,DJIA
2019-03-28,25717.46,DJIA
2019-03-29,25928.68,DJIA
2019-04-01,26258.42,DJIA
2019-04-02,26179.13,DJIA
2019-04-03,26218.13,DJIA
2019-04-04,26384.63,DJIA
2019-04-05,26424.99,DJIA
2019-04-08,26341.02,DJIA
2019-04-09,26150.58,DJIA
2019-04-10,26157.16,DJIA
2019-04-11,26143.05,DJIA
2019-04-12,26412.3,DJIA
2019-04-15,26384.77,DJIA
2019-04-16,26452.66,DJIA
2019-04-17,26449.54,DJIA
2019-04-18,26559.54,DJIA
2019-04-19,,DJIA
2019-04-22,26511.05,DJIA
2019-04-23,26656.39,DJIA
2019-04-24,26597.05,DJIA
2019-04-25,26462.08,DJIA
2019-04-26,26543.33,DJIA
2019-04-29,26554.39,DJIA
2019-04-30,26592.91,DJIA
2019-05-01,26430.14,DJIA
2019-05-02,26307.79,DJIA
2019-05-03,26504.95,DJIA
2019-05-06,26438.48,DJIA
2019-05-07,25965.09,DJIA
2019-05-08,25967.33,DJIA
2019-05-09,25828.36,DJIA
2019-05-10,25942.37,DJIA
2019-05-13,25324.99,DJIA
2019-05-14,25532.05,DJIA
2019-05-15,25648.02,DJIA
2019-05-16,25862.68,DJIA
2019-05-17,25764.0,DJIA
2019-05-20,25679.9,DJIA
2019-05-21,25877.33,DJIA
2019-05-22,25776.61,DJIA
2019-05-23,25490.47,DJIA
2019-05-24,25585.69,DJIA
2019-05-27,,DJIA
2019-05-28,25347.77,DJIA
2019-05-29,25126.41,DJIA
2019-05-30,25169.88,DJIA
2019-05-31,24815.04,DJIA
2019-06-03,24819.78,DJIA
2019-06-04,25332.18,DJIA
2019-06-05,25539.57,DJIA
2019-06-06,25720.66,DJIA
2019-06-07,25983.94,DJIA
2019-06-10,26062.68,DJIA
2019-06-11,26048.51,DJIA
2019-06-12,26004.83,DJIA
2019-06-13,26106.77,DJIA
2019-06-14,26089.61,DJIA
2019-06-17,26112.53,DJIA
2019-06-18,26465.54,DJIA
2019-06-19,26504.0,DJIA
2019-06-20,26753.17,DJIA
2019-06-21,26719.13,DJIA
2019-06-24,26727.54,DJIA
2019-06-25,26548.22,DJIA
2019-06-26,26536.82,DJIA
2019-06-27,26526.58,DJIA
2019-06-28,26599.96,DJIA
2019-07-01,26717.43,DJIA
2019-07-02,26786.68,DJIA
2019-07-03,26966.0,DJIA
2019-07-04,,DJIA
2019-07-05,26922.12,DJIA
2019-07-08,26806.14,DJIA
2019-07-09,26783.49,DJIA
2019-07-10,26860.2,DJIA
2019-07-11,27088.08,DJIA
2019-07-12,27332.03,DJIA
2019-07-15,27359.16,DJIA
2019-07-16,27335.63,DJIA
2019-07-17,27219.85,DJIA
2019-07-18,27222.97,DJIA
2019-07-19,27154.2,DJIA
2019-07-22,27171.9,DJIA
2019-07-23,27349.19,DJIA
2019-07-24,27269.97,DJIA
2019-07-25,27140.98,DJIA
2019-07-26,27192.45,DJIA
2019-07-29,27221.35,DJIA
2019-07-30,27198.02,DJIA
2019-07-31,26864.27,DJIA
2019-08-01,26583.42,DJIA
2019-08-02,26485.01,DJIA
2019-08-05,25717.74,DJIA
2019-08-06,26029.52,DJIA
2019-08-07,26007.07,DJIA
2019-08-08,26378.19,DJIA
2019-08-09,26287.44,DJIA
2019-08-12,25907.37,DJIA
2019-08-13,26279.91,DJIA
2019-08-14,25479.42,DJIA
2019-08-15,25579.39,DJIA
2019-08-16,25886.01,DJIA
2019-08-19,26135.79,DJIA
2019-08-20,25962.44,DJIA
2019-08-21,26202.73,DJIA
2019-08-22,26252.24,DJIA
2019-08-23,25628.9,DJIA
2019-08-26,25898.83,DJIA
2019-08-27,25777.9,DJIA
2019-08-28,26036.1,DJIA
2019-08-29,26362.25,DJIA
2019-08-30,26403.28,DJIA
2019-09-02,,DJIA
2019-09-03,26118.02,DJIA
2019-09-04,26355.47,DJIA
2019-09-05,26728.15,DJIA
2019-09-06,26797.46,DJIA
2019-09-09,26835.51,DJIA
2019-09-10,26909.43,DJIA
2019-09-11,27137.04,DJIA
2019-09-12,27182.45,DJIA
2019-09-13,27219.52,DJIA
2019-09-16,27076.82,DJIA
2019-09-17,27110.8,DJIA
2019-09-18,27147.08,DJIA
2019-09-19,27094.79,DJIA
2019-09-20,26935.07,DJIA
2019-09-23,26949.99,DJIA
2019-09-24,26807.77,DJIA
2019-09-25,26970.71,DJIA
2019-09-26,26891.12,DJIA
2019-09-27,26820.25,DJIA
2019-09-30,26916.83,DJIA
2019-10-01,26573.04,DJIA
2019-10-02,26078.62,DJIA
2019-10-03,26201.04,DJIA
2019-10-04,26573.72,DJIA
2019-10-07,26478.02,DJIA
2019-10-08,26164.04,DJIA
2019-10-09,26346.01,DJIA
2019-10-10,26496.67,DJIA
2019-10-11,26816.59,DJIA
2019-10-14,26787.36,DJIA
2019-10-15,27024.8,DJIA
2019-10-16,27001.98,DJIA
2019-10-17,27025.88,DJIA
2019-10-18,26770.2,DJIA
2019-10-21,26827.64,DJIA
2019-10-22,26788.1,DJIA
2019-10-23,26833.95,DJIA
2019-10-24,26805.53,DJIA
2019-10-25,26958.06,DJIA
2019-10-28,27090.72,DJIA
2019-10-29,27071.42,DJIA
2019-10-30,27186.69,DJIA
2019-10-31,27046.23,DJIA
2019-11-01,27347.36,DJIA
2019-11-04,27462.11,DJIA
2019-11-05,27492.63,DJIA
2019-11-06,27492.56,DJIA
2019-11-07,27674.8,DJIA
2019-11-08,27681.24,DJIA
2019-11-11,27691.49,DJIA
2019-11-12,27691.49,DJIA
2019-11-13,27783.59,DJIA
2019-11-14,27781.96,DJIA
2019-11-15,28004.89,DJIA
2019-11-18,28036.22,DJIA
2019-11-19,27934.02,DJIA
2019-11-20,27821.09,DJIA
2019-11-21,27766.29,DJIA
2019-11-22,27875.62,DJIA
2019-11-25,28066.47,DJIA
2019-11-26,28121.68,DJIA
2019-11-27,28164.0,DJIA
2019-11-28,,DJIA
2019-11-29,28051.41,DJIA
2019-12-02,27783.04,DJIA
2019-12-03,27502.81,DJIA
2019-12-04,27649.78,DJIA
2019-12-05,27677.79,DJIA
2019-12-06,28015.06,DJIA
2019-12-09,27909.6,DJIA
2019-12-10,27881.72,DJIA
2019-12-11,27911.3,DJIA
2019-12-12,28132.05,DJIA
2019-12-13,28135.38,DJIA
2019-12-16,28235.89,DJIA
2019-12-17,28267.16,DJIA
2019-12-18,28239.28,DJIA
2019-12-19,28376.96,DJIA
2019-12-20,28455.09,DJIA
2019-12-23,28551.53,DJIA
2019-12-24,28515.45,DJIA
2019-12-25,,DJIA
2019-12-26,28621.39,DJIA
2019-12-27,28645.26,DJIA
2019-12-30,28462.14,DJIA
2019-12-31,28538.44,DJIA
2020-01-01,,DJIA
2020-01-02,28868.8,DJIA
2020-01-03,28634.88,DJIA
2020-01-06,28703.38,DJIA
2020-01-07,28583.68,DJIA
2020-01-08,28745.09,DJIA
2020-01-09,28956.9,DJIA
2020-01-10,28823.77,DJIA
2020-01-13,28907.05,DJIA
2020-01-14,28939.67,DJIA
2020-01-15,29030.22,DJIA
2020-01-16,29297.64,DJIA
2020-01-17,29348.1,DJIA
2020-01-20,,DJIA
2020-01-21,29196.04,DJIA
2020-01-22,29186.27,DJIA
2020-01-23,29160.09,DJIA
2020-01-24,28989.73,DJIA
2020-01-27,28535.8,DJIA
2020-01-28,28722.85,DJIA
2020-01-29,28734.45,DJIA
2020-01-30,28859.44,DJIA
2020-01-31,28256.03,DJIA
2020-02-03,28399.81,DJIA
2020-02-04,28807.63,DJIA
2020-02-05,29290.85,DJIA
2020-02-06,29379.77,DJIA
2020-02-07,29102.51,DJIA
2020-02-10,29276.82,DJIA
2020-02-11,29276.34,DJIA
2020-02-12,29551.42,DJIA
2020-02-13,29423.31,DJIA
2020-02-14,29398.08,DJIA
2020-02-17,,DJIA
2020-02-18,29232.19,DJIA
2020-02-19,29348.03,DJIA
2020-02-20,29219.98,DJIA
2020-02-21,28992.41,DJIA
2020-02-24,27960.8,DJIA
2020-02-25,27081.36,DJIA
2020-02-26,26957.59,DJIA
2020-02-27,25766.64,DJIA
2020-02-28,25409.36,DJIA
2020-03-02,26703.32,DJIA
2020-03-03,25917.41,DJIA
2020-03-04,27090.86,DJIA
2020-03-05,26121.28,DJIA
2020-03-06,25864.78,DJIA
2020-03-09,23851.02,DJIA
2020-03-10,25018.16,DJIA
2020-03-11,23553.22,DJIA
2020-03-12,21200.62,DJIA
2020-03-13,23185.62,DJIA
2020-03-16,20188.52,DJIA
2020-03-17,21237.38,DJIA
2020-03-18,19898.92,DJIA
2020-03-19,20087.19,DJIA
2020-03-20,19173.98,DJIA
2020-03-23,18591.93,DJIA
2020-03-24,20704.91,DJIA
2020-03-25,21200.55,DJIA
2020-03-26,22552.17,DJIA
2020-03-27,21636.78,DJIA
2020-03-30,22327.48,DJIA
2020-03-31,21917.16,DJIA
2020-04-01,20943.51,DJIA
2020-04-02,21413.44,DJIA
2020-04-03,21052.53,DJIA
2020-04-06,22679.99,DJIA
2020-04-07,22653.86,DJIA
2020-04-08,23433.57,DJIA
2020-04-09,23719.37,DJIA
2020-04-10,,DJIA
2020-04-13,23390.77,DJIA
2020-04-14,23949.76,DJIA
2020-04-15,23504.35,DJIA
2020-04-16,23537.68,DJIA
2020-04-17,24242.49,DJIA
2020-04-20,23650.44,DJIA
2020-04-21,23018.88,DJIA
2020-04-22,23475.82,DJIA
2020-04-23,23515.26,DJIA
2020-04-24,23775.27,DJIA
2020-04-27,24133.78,DJIA
2020-04-28,24101.55,DJIA
2020-04-29,24633.86,DJIA
2020-04-30,24345.72,DJIA
2020-05-01,23723.69,DJIA
2020-05-04,23749.76,DJIA
2020-05-05,23883.09,DJIA
2020-05-06,23664.64,DJIA
2020-05-07,23875.89,DJIA
2020-05-08,24331.32,DJIA
2020-05-11,24221.99,DJIA
2020-05-12,23764.78,DJIA
2020-05-13,23247.97,DJIA
2020-05-14,23625.34,DJIA
2020-05-15,23685.42,DJIA
2020-05-18,24597.37,DJIA
2020-05-19,24206.86,DJIA
2020-05-20,24575.9,DJIA
2020-05-21,24474.12,DJIA
2020-05-22,24465.16,DJIA
2020-05-25,,DJIA
2020-05-26,24995.11,DJIA
2020-05-27,25548.27,DJIA
2020-05-28,25400.64,DJIA
2020-05-29,25383.11,DJIA
2020-06-01,25475.02,DJIA
2020-06-02,25742.65,DJIA
2020-06-03,26269.89,DJIA
2020-06-04,26281.82,DJIA
2020-06-05,27110.98,DJIA
2020-06-08,27572.44,DJIA
2020-06-09,27272.3,DJIA
2020-06-10,26989.99,DJIA
2020-06-11,25128.17,DJIA
2020-06-12,25605.54,DJIA
2020-06-15,25763.16,DJIA
2020-06-16,26289.98,DJIA
2020-06-17,26119.61,DJIA
2020-06-18,26080.1,DJIA
2020-06-19,25871.46,DJIA
2020-06-22,26024.96,DJIA
2020-06-23,26156.1,DJIA
2020-06-24,25445.94,DJIA
2020-06-25,25745.6,DJIA
2020-06-26,25015.55,DJIA
2020-06-29,25595.8,DJIA
2020-06-30,25812.88,DJIA
2020-07-01,25734.97,DJIA
2020-07-02,25827.36,DJIA
2020-07-03,,DJIA
2020-07-06,26287.03,DJIA
2020-07-07,25890.18,DJIA
2020-07-08,26067.28,DJIA
2020-07-09,25706.09,DJIA
2020-07-10,26075.3,DJIA
2020-07-13,26085.8,DJIA
2020-07-14,26642.59,DJIA
2020-07-15,26870.1,DJIA
2020-07-16,26734.71,DJIA
2020-07-17,26671.95,DJIA
2020-07-20,26680.87,DJIA
2020-07-21,26840.4,DJIA
2020-07-22,27005.84,DJIA
2020-07-23,26652.33,DJIA
2020-07-24,26469.89,DJIA
2020-07-27,26584.77,DJIA
2020-07-28,26379.28,DJIA
2020-07-29,26539.57,DJIA
2020-07-30,26313.65,DJIA
2020-07-31,26428.32,DJIA
2020-08-03,26664.4,DJIA
2020-08-04,26828.47,DJIA
2020-08-05,27201.52,DJIA
2020-08-06,27386.98,DJIA
2020-08-07,27433.48,DJIA
2020-08-10,27791.44,DJIA
2020-08-11,27686.91,DJIA
2020-08-12,27976.84,DJIA
2020-08-13,27896.72,DJIA
2020-08-14,27931.02,DJIA
2020-08-17,27844.91,DJIA
2020-08-18,27778.07,DJIA
2020-08-19,27692.88,DJIA
2020-08-20,27739.73,DJIA
2020-08-21,27930.33,DJIA
2020-08-24,28308.46,DJIA
2020-08-25,28248.44,DJIA
2020-08-26,28331.92,DJIA
2020-08-27,28492.27,DJIA
2020-08-28,28653.87,DJIA
2020-08-31,28430.05,DJIA
2020-09-01,28645.66,DJIA
2020-09-02,29100.5,DJIA
2020-09-03,28292.73,DJIA
2020-09-04,28133.31,DJIA
2020-09-07,,DJIA
2020-09-08,27500.89,DJIA
2020-09-09,27940.47,DJIA
2020-09-10,27534.58,DJIA
2020-09-11,27665.64,DJIA
2020-09-14,27993.33,DJIA
2020-09-15,27995.6,DJIA
2020-09-16,28032.38,DJIA
2020-09-17,27901.98,DJIA
2020-09-18,27657.42,DJIA
2020-09-21,27147.7,DJIA
2020-09-22,27288.18,DJIA
2020-09-23,26763.13,DJIA
2020-09-24,26815.44,DJIA
2020-09-25,27173.96,DJIA
2020-09-28,27584.06,DJIA
2020-09-29,27452.66,DJIA
2020-09-30,27781.7,DJIA
2020-10-01,27816.9,DJIA
2020-10-02,27682.81,DJIA
2020-10-05,28148.64,DJIA
2020-10-06,27772.76,DJIA
2020-10-07,28303.46,DJIA
2020-10-08,28425.51,DJIA
2020-10-09,28586.9,DJIA
2020-10-12,28837.52,DJIA
2020-10-13,28679.81,DJIA
2020-10-14,28514.0,DJIA
2020-10-15,28494.2,DJIA
2020-10-16,28606.31,DJIA
2020-10-19,28195.42,DJIA
2020-10-20,28308.79,DJIA
2020-10-21,28210.82,DJIA
2020-10-22,28363.66,DJIA
2020-10-23,28335.57,DJIA
2020-10-26,27685.38,DJIA
2020-10-27,27463.19,DJIA
2020-10-28,26519.95,DJIA
2020-10-29,26659.11,DJIA
2020-10-30,26501.6,DJIA
2020-11-02,26925.05,DJIA
2020-11-03,27480.03,DJIA
2020-11-04,27847.66,DJIA
2020-11-05,28390.18,DJIA
2020-11-06,28323.4,DJIA
2020-11-09,29157.97,DJIA
2020-11-10,29420.92,DJIA
2020-11-11,29397.63,DJIA
2020-11-12,29080.17,DJIA
2020-11-13,29479.81,DJIA
2020-11-16,29950.44,DJIA
2020-11-17,29783.35,DJIA
2020-11-18,29438.42,DJIA
2020-11-19,29483.23,DJIA
2020-11-20,29263.48,DJIA
2020-11-23,29591.27,DJIA
2020-11-24,30046.24,DJIA
2020-11-25,29872.47,DJIA
2020-11-26,,DJIA
2020-11-27,29910.37,DJIA
2020-11-30,29638.64,DJIA
2020-12-01,29823.92,DJIA
2020-12-02,29883.79,DJIA
2020-12-03,29969.52,DJIA
2020-12-04,30218.26,DJIA
2020-12-07,30069.79,DJIA
2020-12-08,30173.88,DJIA
2020-12-09,30068.81,DJIA
2020-12-10,29999.26,DJIA
2020-12-11,30046.37,DJIA
2020-12-14,29861.55,DJIA
2020-12-15,30199.31,DJIA
2020-12-16,30154.54,DJIA
2020-12-17,30303.37,DJIA
2020-12-18,30179.05,DJIA
2020-12-21,30216.45,DJIA
2020-12-22,30015.51,DJIA
2020-12-23,30129.83,DJIA
2020-12-24,30199.87,DJIA
2020-12-25,,DJIA
2020-12-28,30403.97,DJIA
2020-12-29,30335.67,DJIA
2020-12-30,30409.56,DJIA
2020-12-31,30606.48,DJIA
2021-01-01,,DJIA
2021-01-04,30223.89,DJIA
2021-01-05,30391.6,DJIA
2021-01-06,30829.4,DJIA
2021-01-07,31041.13,DJIA
2021-01-08,31097.97,DJIA
2021-01-11,31008.69,DJIA
2021-01-12,31068.69,DJIA
2021-01-13,31060.47,DJIA
2021-01-14,30991.52,DJIA
2021-01-15,30814.26,DJIA
2021-01-18,,DJIA
2021-01-19,30930.52,DJIA
2021-01-20,31188.38,DJIA
2021-01-21,31176.01,DJIA
2021-01-22,30996.98,DJIA
2021-01-25,30960.0,DJIA
2021-01-26,30937.04,DJIA
2021-01-27,30303.17,DJIA
2021-01-28,30603.36,DJIA
2021-01-29,29982.62,DJIA
2021-02-01,30211.91,DJIA
2021-02-02,30687.48,DJIA
2021-02-03,30723.6,DJIA
2021-02-04,31055.86,DJIA
2021-02-05,31148.24,DJIA
2021-02-08,31385.76,DJIA
2021-02-09,31375.83,DJIA
2021-02-10,31437.8,DJIA
2021-02-11,31430.7,DJIA
2021-02-12,31458.4,DJIA
2021-02-15,,DJIA
2021-02-16,31522.75,DJIA
2021-02-17,31613.02,DJIA
2021-02-18,31493.34,DJIA
2021-02-19,31494.32,DJIA
2021-02-22,31521.69,DJIA
2021-02-23,31537.35,DJIA
2021-02-24,31961.86,DJIA
2021-02-25,31402.01,DJIA
2021-02-26,30932.37,DJIA
2021-03-01,31535.51,DJIA
2021-03-02,31391.52,DJIA
2021-03-03,31270.09,DJIA
2021-03-04,30924.14,DJIA
2021-03-05,31496.3,DJIA
2021-03-08,31802.44,DJIA
2021-03-09,31832.74,DJIA
2021-03-10,32297.02,DJIA
2021-03-11,32485.59,DJIA
2021-03-12,32778.64,DJIA
2021-03-15,32953.46,DJIA
2021-03-16,32825.95,DJIA
2021-03-17,33015.37,DJIA
2021-03-18,32862.3,DJIA
2021-03-19,32627.97,DJIA
2021-03-22,32731.2,DJIA
2021-03-23,32423.15,DJIA
2021-03-24,32420.06,DJIA
2021-03-25,32619.48,DJIA
2021-03-26,33072.88,DJIA
2021-03-29,33171.37,DJIA
2021-03-30,33066.96,DJIA
2021-03-31,32981.55,DJIA
2021-04-01,33153.21,DJIA
2021-04-02,,DJIA
2021-04-05,33527.19,DJIA
2021-04-06,33430.24,DJIA
2021-04-07,33446.26,DJIA
2021-04-08,33503.57,DJIA
2021-04-09,33800.6,DJIA
2021-04-12,33745.4,DJIA
2021-04-13,33677.27,DJIA
2021-04-14,33730.89,DJIA
2021-04-15,34035.99,DJIA
2021-04-16,34200.67,DJIA
2021-04-19,34077.63,DJIA
2021-04-20,33821.3,DJIA
2021-04-21,34137.31,DJIA
2021-04-22,33815.9,DJIA
2021-04-23,34043.49,DJIA
2021-04-26,33981.57,DJIA
2021-04-27,33984.93,DJIA
2021-04-28,33820.38,DJIA
2021-04-29,34060.36,DJIA
2021-04-30,33874.85,DJIA
2021-05-03,34113.23,DJIA
2021-05-04,34133.03,DJIA
2021-05-05,34230.34,DJIA
2021-05-06,34548.53,DJIA
2021-05-07,34777.76,DJIA
2021-05-10,34742.82,DJIA
2021-05-11,34269.16,DJIA
2021-05-12,33587.66,DJIA
2021-05-13,34021.45,DJIA
2021-05-14,34382.13,DJIA
2021-05-17,34327.79,DJIA
2021-05-18,34060.66,DJIA
2021-05-19,33896.04,DJIA
2021-05-20,34084.15,DJIA
2021-05-21,34207.84,DJIA
2021-05-24,34393.98,DJIA
2021-05-25,34312.46,DJIA
2021-05-26,34323.05,DJIA
2021-05-27,34464.64,DJIA
2021-05-28,34529.45,DJIA
2021-05-31,,DJIA
2021-06-01,34575.31,DJIA
2021-06-02,34600.38,DJIA
2021-06-03,34577.04,DJIA
2021-06-04,34756.39,DJIA
2021-06-07,34630.24,DJIA
2021-06-08,34599.82,DJIA
2021-06-09,34447.14,DJIA
2021-06-10,34466.24,DJIA
2021-06-11,34479.6,DJIA
2021-06-14,34393.75,DJIA
2021-06-15,34299.33,DJIA
2021-06-16,34033.67,DJIA
2021-06-17,33823.45,DJIA
2021-06-18,33290.08,DJIA
2021-06-21,33876.97,DJIA
2021-06-22,33945.58,DJIA
2021-06-23,33874.24,DJIA
2021-06-24,34196.82,DJIA
2021-06-25,34433.84,DJIA
2021-06-28,34283.27,DJIA
2021-06-29,34292.29,DJIA
2021-06-30,34502.51,DJIA
2021-07-01,34633.53,DJIA
2021-07-02,34786.35,DJIA
2021-07-05,,DJIA
2021-07-06,34577.37,DJIA
2021-07-07,34681.79,DJIA
2021-07-08,34421.93,DJIA
2021-07-09,34870.16,DJIA
2021-07-12,34996.18,DJIA
2021-07-13,34888.79,DJIA
2021-07-14,34933.23,DJIA
2021-07-15,34987.02,DJIA
2021-07-16,34687.85,DJIA
2021-07-19,33962.04,DJIA
2021-07-20,34511.99,DJIA
2021-07-21,34798.0,DJIA
2021-07-22,34823.35,DJIA
2021-07-23,35061.55,DJIA
2021-07-26,35144.31,DJIA
2021-07-27,35058.52,DJIA
2021-07-28,34930.93,DJIA
2021-07-29,35084.53,DJIA
2021-07-30,34935.47,DJIA
2021-08-02,34838.16,DJIA
2021-08-03,35116.4,DJIA
2021-08-04,34792.67,DJIA
2021-08-05,35064.25,DJIA
2021-08-06,35208.51,DJIA
2021-08-09,35101.85,DJIA
2021-08-10,35264.67,DJIA
2021-08-11,35484.97,DJIA
2021-08-12,35499.85,DJIA
2021-08-13,35515.38,DJIA
2021-08-16,35625.4,DJIA
2021-08-17,35343.28,DJIA
2021-08-18,34960.69,DJIA
2021-08-19,34894.12,DJIA
2021-08-20,35120.08,DJIA
2021-08-23,35335.71,DJIA
2021-08-24,35366.26,DJIA
2021-08-25,35405.5,DJIA
2021-08-26,35213.12,DJIA
2021-08-27,35455.8,DJIA
2021-08-30,35399.84,DJIA
2021-08-31,35360.73,DJIA
2021-09-01,35312.53,DJIA
2021-09-02,35443.82,DJIA
2021-09-03,35369.09,DJIA
2021-09-06,,DJIA
2021-09-07,35100.0,DJIA
2021-09-08,35031.07,DJIA
2021-09-09,34879.38,DJIA
2021-09-10,34607.72,DJIA
2021-09-13,34869.63,DJIA
2021-09-14,34577.57,DJIA
2021-09-15,34814.39,DJIA
2021-09-16,34751.32,DJIA
2021-09-17,34584.88,DJIA
2021-09-20,33970.47,DJIA
2021-09-21,33919.84,DJIA
2021-09-22,34258.32,DJIA
2021-09-23,34764.82,DJIA
2021-09-24,34798.0,DJIA
2021-09-27,34869.37,DJIA
2021-09-28,34299.99,DJIA
2021-09-29,34390.72,DJIA
2021-09-30,33843.92,DJIA
2021-10-01,34326.46,DJIA
2021-10-04,34002.92,DJIA
2021-10-05,34314.67,DJIA
2021-10-06,34416.99,DJIA
2021-10-07,34754.94,DJIA
2021-10-08,34746.25,DJIA
2021-10-11,34496.06,DJIA
2021-10-12,34378.34,DJIA
2021-10-13,34377.81,DJIA
2021-10-14,34912.56,DJIA
2021-10-15,35294.76,DJIA
2021-10-18,35258.61,DJIA
2021-10-19,35457.31,DJIA
2021-10-20,35609.34,DJIA
2021-10-21,35603.08,DJIA
2021-10-22,35677.02,DJIA
2021-10-25,35741.15,DJIA
2021-10-26,35756.88,DJIA
2021-10-27,35490.69,DJIA
2021-10-28,35730.48,DJIA
2021-10-29,35819.56,DJIA
2021-11-01,35913.84,DJIA
2021-11-02,36052.63,DJIA
2021-11-03,36157.58,DJIA
2021-11-04,36124.23,DJIA
2021-11-05,36327.95,DJIA
2021-11-08,36432.22,DJIA
2021-11-09,36319.98,DJIA
2021-11-10,36079.94,DJIA
2021-11-11,35921.23,DJIA
2021-11-12,36100.31,DJIA
2021-11-15,36087.45,DJIA
2021-11-16,36142.22,DJIA
2021-11-17,35931.05,DJIA
2021-11-18,35870.95,DJIA
2021-11-19,35601.98,DJIA
2021-11-22,35619.25,DJIA
2021-11-23,35813.8,DJIA
2021-11-24,35804.38,DJIA
2021-11-25,,DJIA
2021-11-26,34899.34,DJIA
2021-11-29,35135.94,DJIA
2021-11-30,34483.72,DJIA
2021-12-01,34022.04,DJIA
2021-12-02,34639.79,DJIA
2021-12-03,34580.08,DJIA
2021-12-06,35227.03,DJIA
2021-12-07,35719.43,DJIA
2021-12-08,35754.75,DJIA
2021-12-09,35754.69,DJIA
2021-12-10,35970.99,DJIA
2021-12-13,35650.95,DJIA
2021-12-14,35544.18,DJIA
2021-12-15,35927.43,DJIA
2021-12-16,35897.64,DJIA
2021-12-17,35365.44,DJIA
2021-12-20,34932.16,DJIA
2021-12-21,35492.7,DJIA
2021-12-22,35753.89,DJIA
2021-12-23,35950.56,DJIA
2021-12-24,,DJIA
2021-12-27,36302.38,DJIA
2021-12-28,36398.21,DJIA
2021-12-29,36488.63,DJIA
2021-12-30,36398.08,DJIA
2021-12-31,36338.3,DJIA
2022-01-03,36585.06,DJIA
2022-01-04,36799.65,DJIA
2022-01-05,36407.11,DJIA
2022-01-06,36236.47,DJIA
2022-01-07,36231.66,DJIA
2022-01-10,36068.87,DJIA
2022-01-11,36252.02,DJIA
2022-01-12,36290.32,DJIA
2022-01-13,36113.62,DJIA
2022-01-14,35911.81,DJIA
2022-01-17,,DJIA
2022-01-18,35368.47,DJIA
2022-01-19,35028.65,DJIA
2022-01-20,34715.39,DJIA
2022-01-21,34265.37,DJIA
2022-01-24,34364.5,DJIA
2022-01-25,34297.73,DJIA
2022-01-26,34168.09,DJIA
2022-01-27,34160.78,DJIA
2022-01-28,34725.47,DJIA
2022-01-31,35131.86,DJIA
2022-02-01,35405.24,DJIA
2022-02-02,35629.33,DJIA
2022-02-03,35111.16,DJIA
2022-02-04,35089.74,DJIA
2022-02-07,35091.13,DJIA
2022-02-08,35462.78,DJIA
2022-02-09,35768.06,DJIA
2022-02-10,35241.59,DJIA
2022-02-11,34738.06,DJIA
2022-02-14,34566.17,DJIA
2022-02-15,34988.84,DJIA
2022-02-16,34934.27,DJIA
2022-02-17,34312.03,DJIA
2022-02-18,34079.18,DJIA
2022-02-21,,DJIA
2022-02-22,33596.61,DJIA
2022-02-23,33131.76,DJIA
2022-02-24,33223.83,DJIA
2022-02-25,34058.75,DJIA
2022-02-28,33892.6,DJIA
2022-03-01,33294.95,DJIA
2022-03-02,33891.35,DJIA
2022-03-03,33794.66,DJIA
2022-03-04,33614.8,DJIA
2022-03-07,32817.38,DJIA
2022-03-08,32632.64,DJIA
2022-03-09,33286.25,DJIA
2022-03-10,33174.07,DJIA
2022-03-11,32944.19,DJIA
2022-03-14,32945.24,DJIA
2022-03-15,33544.34,DJIA
2022-03-16,34063.1,DJIA
2022-03-17,34480.76,DJIA
2022-03-18,34754.93,DJIA
2022-03-21,34552.99,DJIA
2022-03-22,34807.46,DJIA
2022-03-23,34358.5,DJIA
2022-03-24,34707.94,DJIA
2022-03-25,34861.24,DJIA
2022-03-28,34955.89,DJIA
2022-03-29,35294.19,DJIA
2022-03-30,35228.81,DJIA
2022-03-31,34678.35,DJIA
2022-04-01,34818.27,DJIA
2022-04-04,34921.88,DJIA
2022-04-05,34641.18,DJIA
2022-04-06,34496.51,DJIA
2022-04-07,34583.57,DJIA
2022-04-08,34721.12,DJIA
2022-04-11,34308.08,DJIA
2022-04-12,34220.36,DJIA
2022-04-13,34564.59,DJIA
2022-04-14,34451.23,DJIA
2022-04-15,,DJIA
2022-04-18,34411.69,DJIA
2022-04-19,34911.2,DJIA
2022-04-20,35160.79,DJIA
2022-04-21,34792.76,DJIA
2022-04-22,33811.4,DJIA
2022-04-25,34049.46,DJIA
2022-04-26,33240.18,DJIA
2022-04-27,33301.93,DJIA
2022-04-28,33916.39,DJIA
2022-04-29,32977.21,DJIA
2022-05-02,33061.5,DJIA
2022-05-03,33128.79,DJIA
2022-05-04,34061.06,DJIA
2022-05-05,32997.97,DJIA
2022-05-06,32899.37,DJIA
2022-05-09,32245.7,DJIA
2022-05-10,32160.74,DJIA
2022-05-11,31834.11,DJIA
2022-05-12,31730.3,DJIA
2022-05-13,32196.66,DJIA
2022-05-16,32223.42,DJIA
2022-05-17,32654.59,DJIA
2022-05-18,31490.07,DJIA
2022-05-19,31253.13,DJIA
2022-05-20,31261.9,DJIA
2022-05-23,31880.24,DJIA
2022-05-24,31928.62,DJIA
2022-05-25,32120.28,DJIA
2022-05-26,32637.19,DJIA
2022-05-27,33212.96,DJIA
2022-05-30,,DJIA
2022-05-31,32990.12,DJIA
2022-06-01,32813.23,DJIA
2022-06-02,33248.28,DJIA
2022-06-03,32899.7,DJIA
2022-06-06,32915.78,DJIA
2022-06-07,33180.14,DJIA
2022-06-08,32910.9,DJIA
2022-06-09,32272.79,DJIA
2022-06-10,31392.79,DJIA
2022-06-13,30516.74,DJIA
2022-06-14,30364.83,DJIA
2022-06-15,30668.53,DJIA
2022-06-16,29927.07,DJIA
2022-06-17,29888.78,DJIA
2022-06-20,,DJIA
2022-06-21,30530.25,DJIA
2022-06-22,30483.13,DJIA
2022-06-23,30677.36,DJIA
2022-06-24,31500.68,DJIA
2022-06-27,31438.26,DJIA
2022-06-28,30946.99,DJIA
2022-06-29,31029.31,DJIA
2022-06-30,30775.43,DJIA
2022-07-01,31097.26,DJIA
2022-07-04,,DJIA
2022-07-05,30967.82,DJIA
2022-07-06,31037.68,DJIA
2022-07-07,31384.55,DJIA
2022-07-08,31338.15,DJIA
2022-07-11,31173.84,DJIA
2022-07-12,30981.33,DJIA
2022-07-13,30772.79,DJIA
2022-07-14,30630.17,DJIA
2022-07-15,31288.26,DJIA
2022-07-18,31072.61,DJIA
2022-07-19,31827.05,DJIA
2022-07-20,31874.84,DJIA
2022-07-21,32036.9,DJIA
2022-07-22,31899.29,DJIA
2022-07-25,31990.04,DJIA
2022-07-26,31761.54,DJIA
2022-07-27,32197.59,DJIA
2022-07-28,32529.63,DJIA
2022-07-29,32845.13,DJIA
2022-08-01,32798.4,DJIA
2022-08-02,32396.17,DJIA
2022-08-03,32812.5,DJIA
2022-08-04,32726.82,DJIA
2022-08-05,32803.47,DJIA
2022-08-08,32832.54,DJIA
2022-08-09,32774.41,DJIA
2022-08-10,33309.51,DJIA
2022-08-11,33336.67,DJIA
2022-08-12,33761.05,DJIA
2022-08-15,33912.44,DJIA
2022-08-16,34152.01,DJIA
2022-08-17,33980.32,DJIA
2022-08-18,33999.04,DJIA
2022-08-19,33706.74,DJIA
2022-08-22,33063.61,DJIA
2022-08-23,32909.59,DJIA
2022-08-24,32969.23,DJIA
2022-08-25,33291.78,DJIA
2022-08-26,32283.4,DJIA
2022-08-29,32098.99,DJIA
2022-08-30,31790.87,DJIA
2022-08-31,31510.43,DJIA
2022-09-01,31656.42,DJIA
2022-09-02,31318.44,DJIA
2022-09-05,,DJIA
2022-09-06,31145.3,DJIA
2022-09-07,31581.28,DJIA
2022-09-08,31774.52,DJIA
2022-09-09,32151.71,DJIA
2022-09-12,32381.34,DJIA
2022-09-13,31104.97,DJIA
2022-09-14,31135.09,DJIA
2022-09-15,30961.82,DJIA
2022-09-16,30822.42,DJIA
2022-09-19,31019.68,DJIA
2022-09-20,30706.23,DJIA
2022-09-21,30183.78,DJIA
2022-09-22,30076.68,DJIA
2022-09-23,29590.41,DJIA
2022-09-26,29260.81,DJIA
2022-09-27,29134.99,DJIA
2022-09-28,29683.74,DJIA
2022-09-29,29225.61,DJIA
2022-09-30,28725.51,DJIA
2022-10-03,29490.89,DJIA
2022-10-04,30316.32,DJIA
2022-10-05,30273.87,DJIA
2022-10-06,29926.94,DJIA
2022-10-07,29296.79,DJIA
2022-10-10,29202.88,DJIA
2022-10-11,29239.19,DJIA
2022-10-12,29210.85,DJIA
2022-10-13,30038.72,DJIA
2022-10-14,29634.83,DJIA
2022-10-17,30185.82,DJIA
2022-10-18,30523.8,DJIA
2022-10-19,30423.81,DJIA
2022-10-20,30333.59,DJIA
2022-10-21,31082.56,DJIA
2022-10-24,31499.62,DJIA
2022-10-25,31836.74,DJIA
2022-10-26,31839.11,DJIA
2022-10-27,32033.28,DJIA
2022-10-28,32861.8,DJIA
2022-10-31,32732.95,DJIA
2022-11-01,32653.2,DJIA
2022-11-02,32147.76,DJIA
2022-11-03,32001.25,DJIA
2022-11-04,32403.22,DJIA
2022-11-07,32827.0,DJIA
2022-11-08,33160.83,DJIA
2022-11-09,32513.94,DJIA
2022-11-10,33715.37,DJIA
2022-11-11,33747.86,DJIA
2022-11-14,33536.7,DJIA
2022-11-15,33592.92,DJIA
2022-11-16,33553.83,DJIA
2022-11-17,33546.32,DJIA
2022-11-18,33745.69,DJIA
2022-11-21,33700.28,DJIA
2022-11-22,34098.1,DJIA
2022-11-23,34194.06,DJIA
2022-11-24,,DJIA
2022-11-25,34347.03,DJIA
2022-11-28,33849.46,DJIA
2022-11-29,33852.53,DJIA
2022-11-30,34589.77,DJIA
2022-12-01,34395.01,DJIA
2022-12-02,34429.88,DJIA
2022-12-05,33947.1,DJIA
2022-12-06,33596.34,DJIA
2022-12-07,33597.92,DJIA
2022-12-08,33781.48,DJIA
2022-12-09,33476.46,DJIA
2022-12-12,34005.04,DJIA
2022-12-13,34108.64,DJIA
2022-12-14,33966.35,DJIA
2022-12-15,33202.22,DJIA
2022-12-16,32920.46,DJIA
2022-12-19,32757.54,DJIA
2022-12-20,32849.74,DJIA
2022-12-21,33376.48,DJIA
2022-12-22,33027.49,DJIA
2022-12-23,33203.93,DJIA
2022-12-26,,DJIA
2022-12-27,33241.56,DJIA
2022-12-28,32875.71,DJIA
2022-12-29,33220.8,DJIA
2022-12-30,33147.25,DJIA
2023-01-02,,DJIA
2023-01-03,33136.37,DJIA
2023-01-04,33269.77,DJIA
2023-01-05,32930.08,DJIA
2023-01-06,33630.61,DJIA
2023-01-09,33517.65,DJIA
2023-01-10,33704.1,DJIA
2023-01-11,33973.01,DJIA
2023-01-12,34189.97,DJIA
2023-01-13,34302.61,DJIA
2023-01-16,,DJIA
2023-01-17,33910.85,DJIA
2023-01-18,33296.96,DJIA
2023-01-19,33044.56,DJIA
2023-01-20,33375.49,DJIA
2023-01-23,33629.56,DJIA
2023-01-24,33733.96,DJIA
2023-01-25,33743.84,DJIA
2023-01-26,33949.41,DJIA
2023-01-27,33978.08,DJIA
2023-01-30,33717.09,DJIA
2023-01-31,34086.04,DJIA
2023-02-01,34092.96,DJIA
2023-02-02,34053.94,DJIA
2023-02-03,33926.01,DJIA
2023-02-06,33891.02,DJIA
2023-02-07,34156.69,DJIA
2023-02-08,33949.01,DJIA
2023-02-09,33699.88,DJIA
2023-02-10,33869.27,DJIA
2023-02-13,34245.93,DJIA
2023-02-14,34089.27,DJIA
2023-02-15,34128.05,DJIA
2023-02-16,33696.85,DJIA
2023-02-17,33826.69,DJIA
2023-02-20,,DJIA
2023-02-21,33129.59,DJIA
2023-02-22,33045.09,DJIA
2023-02-23,33153.91,DJIA
2023-02-24,32816.92,DJIA
2023-02-27,32889.09,DJIA
2023-02-28,32656.7,DJIA
2023-03-01,32661.84,DJIA
2023-03-02,33003.57,DJIA
2023-03-03,33390.97,DJIA
2023-03-06,33431.44,DJIA
2023-03-07,32856.46,DJIA
2023-03-08,32798.4,DJIA
2023-03-09,32254.86,DJIA
2023-03-10,31909.64,DJIA
2023-03-13,31819.14,DJIA
2023-03-14,32155.4,DJIA
2023-03-15,31874.57,DJIA
2023-03-16,32246.55,DJIA
2023-03-17,31861.98,DJIA
2023-03-20,32244.58,DJIA
2023-03-21,32560.6,DJIA
2023-03-22,32030.11,DJIA
2023-03-23,32105.25,DJIA
2023-03-24,32237.53,DJIA
2023-03-27,32432.08,DJIA
2023-03-28,32394.25,DJIA
2023-03-29,32717.6,DJIA
2023-03-30,32859.03,DJIA
2023-03-31,33274.15,DJIA
2023-04-03,33601.15,DJIA
2023-04-04,33402.38,DJIA
2023-04-05,33482.72,DJIA
2023-04-06,33485.29,DJIA
2023-04-07,,DJIA
2023-04-10,33586.52,DJIA
2023-04-11,33684.79,DJIA
2023-04-12,33646.5,DJIA
2023-04-13,34029.69,DJIA
2023-04-14,33886.47,DJIA
2023-04-17,33987.18,DJIA
2023-04-18,33976.63,DJIA
2023-04-19,33897.01,DJIA
2023-04-20,33786.62,DJIA
2023-04-21,33808.96,DJIA
2023-04-24,33875.4,DJIA
2023-04-25,33530.83,DJIA
2023-04-26,33301.87,DJIA
2023-04-27,33826.16,DJIA
2023-04-28,34098.16,DJIA
2023-05-01,34051.7,DJIA
2023-05-02,33684.53,DJIA
2023-05-03,33414.24,DJIA
2023-05-04,33127.74,DJIA
2023-05-05,33674.38,DJIA
2023-05-08,33618.69,DJIA
2023-05-09,33561.81,DJIA
2023-05-10,33531.33,DJIA
2023-05-11,33309.51,DJIA
2023-05-12,33300.62,DJIA
2023-05-15,33348.6,DJIA
2023-05-16,33012.14,DJIA
2023-05-17,33420.77,DJIA
2023-05-18,33535.91,DJIA
2023-05-19,33426.63,DJIA
2023-05-22,33286.58,DJIA
2023-05-23,33055.51,DJIA
2023-05-24,32799.92,DJIA
2023-05-25,32764.65,DJIA
2023-05-26,33093.34,DJIA
2023-05-29,,DJIA
2023-05-30,33042.78,DJIA
2023-05-31,32908.27,DJIA
2023-06-01,33061.57,DJIA
2023-06-02,33762.76,DJIA
2023-06-05,33562.86,DJIA
2023-06-06,33573.28,DJIA
2023-06-07,33665.02,DJIA
2023-06-08,33833.61,DJIA
2023-06-09,33876.78,DJIA
2023-06-12,34066.33,DJIA
2023-06-13,34212.12,DJIA
2023-06-14,33979.33,DJIA
2023-06-15,34408.06,DJIA
2023-06-16,34299.12,DJIA
2023-06-19,,DJIA
2023-06-20,34053.87,DJIA
2023-06-21,33951.52,DJIA
2023-06-22,33946.71,DJIA
2023-06-23,33727.43,DJIA
2023-06-26,33714.71,DJIA
2023-06-27,33926.74,DJIA
2023-06-28,33852.66,DJIA
2023-06-29,34122.42,DJIA
2023-06-30,34407.6,DJIA
2023-07-03,34418.47,DJIA
2023-07-04,,DJIA
2023-07-05,34288.64,DJIA
2023-07-06,33922.26,DJIA
2023-07-07,33734.88,DJIA
2023-07-10,33944.4,DJIA
2023-07-11,34261.42,DJIA
2023-07-12,34347.43,DJIA
2023-07-13,34395.14,DJIA
2023-07-14,34509.03,DJIA
2023-07-17,34585.35,DJIA
2023-07-18,34951.93,DJIA
2023-07-19,35061.21,DJIA
2023-07-20,35225.18,DJIA
2023-07-21,35227.69,DJIA
2023-07-24,35411.24,DJIA
2023-07-25,35438.07,DJIA
2023-07-26,35520.12,DJIA
2023-07-27,35282.72,DJIA
2023-07-28,35459.29,DJIA
2023-07-31,35559.53,DJIA
2023-08-01,35630.68,DJIA
2023-08-02,35282.52,DJIA
2023-08-03,35215.89,DJIA
2023-08-04,35065.62,DJIA
2023-08-07,35473.13,DJIA
2023-08-08,35314.49,DJIA
2023-08-09,35123.36,DJIA
2023-08-10,35176.15,DJIA
2023-08-11,35281.4,DJIA
2023-08-14,35307.63,DJIA
2023-08-15,34946.39,DJIA
2023-08-16,34765.74,DJIA
2023-08-17,34474.83,DJIA
2023-08-18,34500.66,DJIA
2023-08-21,34463.69,DJIA
2023-08-22,34288.83,DJIA
2023-08-23,34472.98,DJIA
2023-08-24,34099.42,DJIA
2023-08-25,34346.9,DJIA
2023-08-28,34559.98,DJIA
2023-08-29,34852.67,DJIA
2023-08-30,34890.24,DJIA
2023-08-31,34721.91,DJIA
2023-09-01,34837.71,DJIA
2023-09-04,,DJIA
2023-09-05,34641.97,DJIA
2023-09-06,34443.19,DJIA
2023-09-07,34500.73,DJIA
2023-09-08,34576.59,DJIA
2023-09-11,34663.72,DJIA
2023-09-12,34645.99,DJIA
2023-09-13,34575.53,DJIA
2023-09-14,34907.11,DJIA
2023-09-15,34618.24,DJIA
2023-09-18,34624.3,DJIA
2023-09-19,34517.73,DJIA
2023-09-20,34440.88,DJIA
2023-09-21,34070.42,DJIA
2023-09-22,33963.84,DJIA
2023-09-25,34006.88,DJIA
2023-09-26,33618.88,DJIA
2023-09-27,33550.27,DJIA
2023-09-28,33666.34,DJIA
2023-09-29,33507.5,DJIA
2023-10-02,33433.35,DJIA
2023-10-03,33002.38,DJIA
2023-10-04,33129.55,DJIA
2023-10-05,33119.57,DJIA
2023-10-06,33407.58,DJIA
2023-10-09,33604.65,DJIA
2023-10-10,33739.3,DJIA
2023-10-11,33804.87,DJIA
2023-10-12,33631.14,DJIA
2023-10-13,33670.29,DJIA
2023-10-16,33984.54,DJIA
2023-10-17,33997.65,DJIA
2023-10-18,33665.08,DJIA
2023-10-19,33414.17,DJIA
2023-10-20,33127.28,DJIA
2023-10-23,32936.41,DJIA
2023-10-24,33141.38,DJIA
2023-10-25,33035.93,DJIA
2023-10-26,32784.3,DJIA
2023-10-27,32417.59,DJIA
2023-10-30,32928.96,DJIA
2023-10-31,33052.87,DJIA
2023-11-01,33274.58,DJIA
2023-11-02,33839.08,DJIA
2023-11-03,34061.32,DJIA
2023-11-06,34095.86,DJIA
2023-11-07,34152.6,DJIA
2023-11-08,34112.27,DJIA
2023-11-09,33891.94,DJIA
2023-11-10,34283.1,DJIA
2023-11-13,34337.87,DJIA
2023-11-14,34827.7,DJIA
2023-11-15,34991.21,DJIA
2023-11-16,34945.47,DJIA
2023-11-17,34947.28,DJIA
2023-11-20,35151.04,DJIA
2023-11-21,35088.29,DJIA
2023-11-22,35273.03,DJIA
2023-11-23,,DJIA
2023-11-24,35390.15,DJIA
2023-11-27,35333.47,DJIA
2023-11-28,35416.98,DJIA
2023-11-29,35430.42,DJIA
2023-11-30,35950.89,DJIA
2023-12-01,36245.5,DJIA
2023-12-04,36204.44,DJIA
2023-12-05,36124.56,DJIA
2023-12-06,36054.43,DJIA
2023-12-07,36117.38,DJIA
2023-12-08,36247.87,DJIA
2023-12-11,36404.93,DJIA
2023-12-12,36577.94,DJIA
2023-12-13,37090.24,DJIA
2023-12-14,37248.35,DJIA
2023-12-15,37305.16,DJIA
2023-12-18,37306.02,DJIA
2023-12-19,37557.92,DJIA
2023-12-20,37082.0,DJIA
2023-12-21,37404.35,DJIA
2023-12-22,37385.97,DJIA
2023-12-25,,DJIA
2023-12-26,37545.33,DJIA
2023-12-27,37656.52,DJIA
2023-12-28,37710.1,DJIA
2023-12-29,37689.54,DJIA
2024-01-01,,DJIA
2024-01-02,37715.04,DJIA
2024-01-03,37430.19,DJIA
2024-01-04,37440.34,DJIA
2024-01-05,37466.11,DJIA
2024-01-08,37683.01,DJIA
2024-01-09,37525.16,DJIA
2024-01-10,37695.73,DJIA
2024-01-11,37711.02,DJIA
2024-01-12,37592.98,DJIA
2024-01-15,,DJIA
2024-01-16,37361.12,DJIA
2024-01-17,37266.67,DJIA
2024-01-18,37468.61,DJIA
2024-01-19,37863.8,DJIA
2024-01-22,38001.81,DJIA
2024-01-23,37905.45,DJIA
2024-01-24,37806.39,DJIA
2024-01-25,38049.13,DJIA
2024-01-26,38109.43,DJIA
2024-01-29,38333.45,DJIA
2024-01-30,38467.31,DJIA
2024-01-31,38150.3,DJIA
2024-02-01,38519.84,DJIA
2024-02-02,38654.42,DJIA
2024-02-05,38380.12,DJIA
2024-02-06,38521.36,DJIA
2024-02-07,38677.36,DJIA
2024-02-08,38726.33,DJIA
2024-02-09,38671.69,DJIA
2024-02-12,38797.38,DJIA
2024-02-13,38272.75,DJIA
2024-02-14,38424.27,DJIA
2024-02-15,38773.12,DJIA
2024-02-16,38627.99,DJIA
2024-02-19,,DJIA
2024-02-20,38563.8,DJIA
2024-02-21,38612.24,DJIA
2024-02-22,39069.11,DJIA
2024-02-23,39131.53,DJIA
2024-02-26,39069.23,DJIA
2024-02-27,38972.41,DJIA
2024-02-28,38949.02,DJIA
2024-02-29,38996.39,DJIA
2024-03-01,39087.38,DJIA
2024-03-04,38989.83,DJIA
2024-03-05,38585.19,DJIA
2024-03-06,38661.05,DJIA
2024-03-07,38791.35,DJIA
2024-03-08,38722.69,DJIA
2024-03-11,38769.66,DJIA
2024-03-12,39005.49,DJIA
2024-03-13,39043.32,DJIA
2024-03-14,38905.66,DJIA
2024-03-15,38714.77,DJIA
2024-03-18,38790.43,DJIA
2024-03-19,39110.76,DJIA
2024-03-20,39512.13,DJIA
2024-03-21,39781.37,DJIA
2024-03-22,39475.9,DJIA
2024-03-25,39313.64,DJIA
2024-03-26,39282.33,DJIA
2024-03-27,39760.08,DJIA
2024-03-28,39807.37,DJIA
2024-03-29,,DJIA
2024-04-01,39566.85,DJIA
2024-04-02,39170.24,DJIA
2024-04-03,39127.14,DJIA
2024-04-04,38596.98,DJIA
2024-04-05,38904.04,DJIA
2024-04-08,38892.8,DJIA
2024-04-09,38883.67,DJIA
2024-04-10,38461.51,DJIA
2024-04-11,38459.08,DJIA
2024-04-12,37983.24,DJIA
2024-04-15,37735.11,DJIA
2024-04-16,37798.97,DJIA
2024-04-17,37753.31,DJIA
2024-04-18,37775.38,DJIA
2024-04-19,37986.4,DJIA
2024-04-22,38239.98,DJIA
2024-04-23,38503.69,DJIA
2024-04-24,38460.92,DJIA
2024-04-25,38085.8,DJIA
2024-04-26,38239.66,DJIA
2024-04-29,38386.09,DJIA
2024-04-30,37815.92,DJIA
2024-05-01,37903.29,DJIA
2024-05-02,38225.66,DJIA
2024-05-03,38675.68,DJIA
2024-05-06,38852.27,DJIA
2024-05-07,38884.26,DJIA
2024-05-08,39056.39,DJIA
2024-05-09,39387.76,DJIA
2024-05-10,39512.84,DJIA
2024-05-13,39431.51,DJIA
2024-05-14,39558.11,DJIA
2024-05-15,39908.0,DJIA
2024-05-16,39869.38,DJIA
2024-05-17,40003.59,DJIA
2024-05-20,39806.77,DJIA
2024-05-21,39872.99,DJIA
2024-05-22,39671.04,DJIA
2024-05-23,39065.26,DJIA
2024-05-24,39069.59,DJIA
2024-05-27,,DJIA
2024-05-28,38852.86,DJIA
2024-05-29,38441.54,DJIA
2024-05-30,38111.48,DJIA
2024-05-31,38686.32,DJIA
2024-06-03,38571.03,DJIA
2024-06-04,38711.29,DJIA
2024-06-05,38807.33,DJIA
2024-06-06,38886.17,DJIA
2024-06-07,38798.99,DJIA
2024-06-10,38868.04,DJIA
2024-06-11,38747.42,DJIA
2024-06-12,38712.21,DJIA
2024-06-13,38647.1,DJIA
2024-06-14,38589.16,DJIA
2024-06-17,38778.1,DJIA
2024-06-18,38834.86,DJIA
2024-06-19,,DJIA
2024-06-20,39134.76,DJIA
2024-06-21,39150.33,DJIA
2024-06-24,39411.21,DJIA
2024-06-25,39112.16,DJIA
2024-06-26,39127.8,DJIA
2024-06-27,39164.06,DJIA
2024-06-28,39118.86,DJIA
2024-07-01,39169.52,DJIA
2024-07-02,39331.85,DJIA
2024-07-03,39308.0,DJIA
2024-07-04,,DJIA
2024-07-05,39375.87,DJIA
2024-07-08,39344.79,DJIA
2024-07-09,39291.97,DJIA
2024-07-10,39721.36,DJIA
2024-07-11,39753.75,DJIA
2024-07-12,40000.9,DJIA
2024-07-15,40211.72,DJIA
2024-07-16,40954.48,DJIA
2024-07-17,41198.08,DJIA
2024-07-18,40665.02,DJIA
2024-07-19,40287.53,DJIA
2024-07-22,40415.44,DJIA
2024-07-23,40358.09,DJIA
2024-07-24,39853.87,DJIA
2024-07-25,39935.07,DJIA
2024-07-26,40589.34,DJIA
2024-07-29,40539.93,DJIA
2024-07-30,40743.33,DJIA
2024-07-31,40842.79,DJIA
2024-08-01,40347.97,DJIA
2024-08-02,39737.26,DJIA
2024-08-05,38703.27,DJIA
2024-08-06,38997.66,DJIA
2024-08-07,38763.45,DJIA
2024-08-08,39446.49,DJIA
2024-08-09,39497.54,DJIA
2024-08-12,39357.01,DJIA
2024-08-13,39765.64,DJIA
2024-08-14,40008.39,DJIA
2024-08-15,40563.06,DJIA
2024-08-16,40659.76,DJIA
2024-08-19,40896.53,DJIA
2024-08-20,40834.97,DJIA
2024-08-21,40890.49,DJIA
2024-08-22,40712.78,DJIA
2024-08-23,41175.08,DJIA
2024-08-26,41240.52,DJIA
2024-08-27,41250.5,DJIA
2024-08-28,41091.42,DJIA
2024-08-29,41335.05,DJIA
2024-08-30,41563.08,DJIA
2024-09-02,,DJIA
2024-09-03,40936.93,DJIA
2024-09-04,40974.97,DJIA
2024-09-05,40755.75,DJIA
2024-09-06,40345.41,DJIA
2024-09-09,40829.59,DJIA
2024-09-10,40736.96,DJIA
2024-09-11,40861.71,DJIA
2024-09-12,41096.77,DJIA
2024-09-13,41393.78,DJIA
2024-09-16,41622.08,DJIA
2024-09-17,41606.18,DJIA
2024-09-18,41503.1,DJIA
2024-09-19,42025.19,DJIA
2024-09-20,42063.36,DJIA
2024-09-23,42124.65,DJIA
2024-09-24,42208.22,DJIA
2024-09-25,41914.75,DJIA
2024-09-26,42175.11,DJIA
2024-09-27,42313.0,DJIA
2024-09-30,42330.15,DJIA
2024-10-01,42156.97,DJIA
2024-10-02,42196.52,DJIA
2024-10-03,42011.59,DJIA
2024-10-04,42352.75,DJIA
2024-10-07,41954.24,DJIA
2024-10-08,42080.37,DJIA
2024-10-09,42512.0,DJIA
2024-10-10,42454.12,DJIA
2024-10-11,42863.86,DJIA
2024-10-14,43065.22,DJIA
2024-10-15,42740.42,DJIA
2024-10-16,43077.7,DJIA
2024-10-17,43239.05,DJIA
2024-10-18,43275.91,DJIA
2024-10-21,42931.6,DJIA
2024-10-22,42924.89,DJIA
2024-10-23,42514.95,DJIA
2024-10-24,42374.36,DJIA
2024-10-25,42114.4,DJIA
2024-10-28,42387.57,DJIA
2024-10-29,42233.05,DJIA
2024-10-30,42141.54,DJIA
2024-10-31,41763.46,DJIA
2024-11-01,42052.19,DJIA
2024-11-04,41794.6,DJIA
2024-11-05,42221.88,DJIA
2024-11-06,43729.93,DJIA
2024-11-07,43729.34,DJIA
2024-11-08,43988.99,DJIA
2024-11-11,44293.13,DJIA
2024-11-12,43910.98,DJIA
2024-11-13,43958.19,DJIA
2024-11-14,43750.86,DJIA
2024-11-15,43444.99,DJIA
2024-11-18,43389.6,DJIA
2024-11-19,43268.94,DJIA
2024-11-20,43408.47,DJIA
2024-11-21,43870.35,DJIA
2024-11-22,44296.51,DJIA
2024-11-25,44736.57,DJIA
2024-11-26,44860.31,DJIA
2024-11-27,44722.06,DJIA
2024-11-28,,DJIA
2024-11-29,44910.65,DJIA
2024-12-02,44782.0,DJIA
2024-12-03,44705.53,DJIA
2024-12-04,45014.04,DJIA
2024-12-05,44765.71,DJIA
2024-12-06,44642.52,DJIA
2024-12-09,44401.93,DJIA
2024-12-10,44247.83,DJIA
2024-12-11,44148.56,DJIA
2024-12-12,43914.12,DJIA
2024-12-13,43828.06,DJIA
2024-12-16,43717.48,DJIA
2024-12-17,43449.9,DJIA
2024-12-18,42326.87,DJIA
2024-12-19,42342.24,DJIA
2024-12-20,42840.26,DJIA
2024-12-23,42906.95,DJIA
2024-12-24,43297.03,DJIA
2024-12-25,,DJIA
2024-12-26,43325.8,DJIA
2024-12-27,42992.21,DJIA
2024-12-30,42573.73,DJIA
2024-12-31,42544.22,DJIA
2025-01-01,,DJIA
2025-01-02,42392.27,DJIA
2025-01-03,42732.13,DJIA
2025-01-06,42706.56,DJIA
2025-01-07,42528.36,DJIA
2025-01-08,42635.2,DJIA
2025-01-09,,DJIA
2025-01-10,41938.45,DJIA
2025-01-13,42297.12,DJIA
2025-01-14,42518.28,DJIA
2025-01-15,43221.55,DJIA
2025-01-16,43153.13,DJIA
2025-01-17,43487.83,DJIA
2025-01-20,,DJIA
2025-01-21,44025.81,DJIA
2025-01-22,44156.73,DJIA
2025-01-23,44565.07,DJIA
2025-01-24,44424.25,DJIA
2025-01-27,44713.58,DJIA
2025-01-28,44850.35,DJIA
2025-01-29,44713.52,DJIA
2025-01-30,44882.13,DJIA
2025-01-31,44544.66,DJIA
2025-02-03,44421.91,DJIA
2025-02-04,44556.04,DJIA
2025-02-05,44873.28,DJIA
2025-02-06,44747.63,DJIA
2025-02-07,44303.4,DJIA
2025-02-10,44470.41,DJIA
2025-02-11,44593.65,DJIA
2025-02-12,44368.56,DJIA
2025-02-13,44711.43,DJIA
2025-02-14,44546.08,DJIA
2025-02-17,,DJIA
2025-02-18,44556.34,DJIA
2025-02-19,44627.59,DJIA
2025-02-20,44176.65,DJIA
2025-02-21,43428.02,DJIA
2025-02-24,43461.21,DJIA
2025-02-25,43621.16,DJIA
2025-02-26,43433.12,DJIA
2025-02-27,43239.5,DJIA
2025-02-28,43840.91,DJIA
2025-03-03,43191.24,DJIA
2025-03-04,42520.99,DJIA
2025-03-05,43006.59,DJIA
2025-03-06,42579.08,DJIA
2025-03-07,42801.72,DJIA
2025-03-10,41911.71,DJIA
2025-03-11,41433.48,DJIA
2025-03-12,41350.93,DJIA
2025-03-13,40813.57,DJIA
2025-03-14,41488.19,DJIA
2025-03-17,41841.63,DJIA
2025-03-18,41581.31,DJIA
2025-03-19,41964.63,DJIA
2025-03-20,41953.32,DJIA
2025-03-21,41985.35,DJIA
2025-03-24,42583.32,DJIA
2025-03-25,42587.5,DJIA
2025-03-26,42454.79,DJIA
2025-03-27,42299.7,DJIA
2025-03-28,41583.9,DJIA
2025-03-31,42001.76,DJIA
2025-04-01,41989.96,DJIA
2025-04-02,42225.32,DJIA
2025-04-03,40545.93,DJIA
2025-04-04,38314.86,DJIA
2025-04-07,37965.6,DJIA
2025-04-08,37645.59,DJIA
2025-04-09,40608.45,DJIA
2025-04-10,39593.66,DJIA
2025-04-11,40212.71,DJIA
2025-04-14,40524.79,DJIA
2025-04-15,40368.96,DJIA
2025-04-16,39669.39,DJIA
2025-04-17,39142.23,DJIA
2025-04-18,,DJIA
2025-04-21,38170.41,DJIA
2025-04-22,39186.98,DJIA
2025-04-23,39606.57,DJIA
2025-04-24,40093.4,DJIA
2025-04-25,40113.5,DJIA
2025-04-28,40227.59,DJIA
2025-04-29,40527.62,DJIA
2025-04-30,40669.36,DJIA
2025-05-01,40752.96,DJIA
2025-05-02,41317.43,DJIA
2025-05-05,41218.83,DJIA
2025-05-06,40829.0,DJIA
2025-05-07,41113.97,DJIA
2025-05-08,41368.45,DJIA
2025-05-09,41249.38,DJIA
2025-05-12,42410.1,DJIA
2025-05-13,42140.43,DJIA
2025-05-14,42051.06,DJIA
2025-05-15,42322.75,DJIA
2025-05-16,42654.74,DJIA
2025-05-19,42792.07,DJIA
2025-05-20,42677.24,DJIA
2025-05-21,41860.44,DJIA
2025-05-22,41859.09,DJIA
2025-05-23,41603.07,DJIA
2025-05-26,,DJIA
2025-05-27,42343.65,DJIA
2025-05-28,42098.7,DJIA
2025-05-29,42215.73,DJIA
2025-05-30,42270.07,DJIA
2025-06-02,42305.48,DJIA
2025-06-03,42519.64,DJIA
2025-06-04,42427.74,DJIA
2025-06-05,42319.74,DJIA
2025-06-06,42762.87,DJIA
2025-06-09,42761.76,DJIA
2025-06-10,42866.87,DJIA
2025-06-11,42865.77,DJIA
2025-06-12,42967.62,DJIA
2025-06-13,42197.79,DJIA
2025-06-16,42515.09,DJIA
2025-06-17,42215.8,DJIA
2025-06-18,42171.66,DJIA
2025-06-19,,DJIA
2025-06-20,42206.82,DJIA
2025-06-23,42581.78,DJIA
2025-06-24,43089.02,DJIA
2025-06-25,42982.43,DJIA
2025-06-26,43386.84,DJIA
2025-06-27,43819.27,DJIA
2025-06-30,44094.77,DJIA
2025-07-01,44494.94,DJIA
2025-07-02,44484.42,DJIA
2025-07-03,44828.53,DJIA
2025-07-04,,DJIA
2025-07-07,44406.36,DJIA
2025-07-08,44240.76,DJIA
2025-07-09,44458.3,DJIA
2025-07-10,44650.64,DJIA
2025-07-11,44371.51,DJIA
2025-07-14,44459.65,DJIA
2025-07-15,44023.29,DJIA
2025-07-16,44254.78,DJIA
2025-07-17,44484.49,DJIA
2025-07-18,44342.19,DJIA
2025-07-21,44323.07,DJIA
2025-07-22,44502.44,DJIA
2025-07-23,45010.29,DJIA
2025-07-24,44693.91,DJIA
2025-07-25,44901.92,DJIA
2025-07-28,44837.56,DJIA
2025-07-29,44632.99,DJIA
2025-07-30,44461.28,DJIA
2025-07-31,44130.98,DJIA
2025-08-01,43588.58,DJIA
2025-08-04,44173.64,DJIA
2025-08-05,44111.74,DJIA
2025-08-06,44193.12,DJIA
2025-08-07,43968.64,DJIA
2025-08-08,44175.61,DJIA
2025-08-11,43975.09,DJIA
2025-08-12,44458.61,DJIA
2025-08-13,44922.27,DJIA
2025-08-14,44911.26,DJIA
2025-08-15,44946.12,DJIA
2025-08-18,44911.82,DJIA
2025-08-19,44922.27,DJIA
2025-08-20,44938.31,DJIA
2025-08-21,44785.5,DJIA
2025-08-22,45631.74,DJIA
2025-08-25,45282.47,DJIA
2025-08-26,45418.07,DJIA
2025-08-27,45565.23,DJIA
2025-08-28,45636.9,DJIA
2025-08-29,45544.88,DJIA
2025-09-01,,DJIA
2025-09-02,45295.81,DJIA
2025-09-03,45271.23,DJIA
2025-09-04,45621.29,DJIA
2025-09-05,45400.86,DJIA
2025-09-08,45514.95,DJIA
2025-09-09,45711.34,DJIA
2025-09-10,45490.92,DJIA
2025-09-11,46108.0,DJIA
2025-09-12,45834.22,DJIA
2025-09-15,45883.45,DJIA
2025-09-16,45757.9,DJIA
2025-09-17,46018.32,DJIA
2025-09-18,46142.42,DJIA
2025-09-19,46315.27,DJIA
2025-09-22,46381.54,DJIA
2025-09-23,46292.78,DJIA
2025-09-24,46121.28,DJIA
2025-09-25,45947.32,DJIA
2025-09-26,46247.29,DJIA
2025-09-29,46316.07,DJIA
2025-09-30,46397.89,DJIA
2025-10-01,46441.1,DJIA
2025-10-02,46519.72,DJIA
2025-10-03,46758.28,DJIA
2025-10-06,46694.97,DJIA
2025-10-07,46602.98,DJIA
2025-10-08,46601.78,DJIA
2025-10-09,46358.42,DJIA
2025-10-10,45479.6,DJIA
2025-10-13,46067.58,DJIA
2025-10-14,46270.46,DJIA
2025-10-15,46253.31,DJIA
2025-10-16,45952.24,DJIA
2025-10-17,46190.61,DJIA
2025-10-20,46706.58,DJIA
